,SMILES
0,CC(=O)CC1CCC(C)CC1O
1,Nc1ccc(C2C(N)CC(n3c(=O)sc4cccc(Cl)c43)C(c3ccc(O)cc3)C2O)cc1
2,CC1=CC2C(CCC3(C)C2CCC3(C)n2ccc3c(N)ncnc32)C2(C)CCC(=O)C=C12
3,CN(C)C=Nc1cccc(C2CCC3C4C(O)CC5CC(O)CCC5(C)C4CCC23C)c1
4,CN1C2CCC1CC(C(C(Cl)Cl)C1OC(C3(CCO)CCC4C5C=C(Cl)C6=CC(=O)C=CC6(C)C5CCC43C)C(O)C(N)C1O)C2
5,CC12CCC(=O)C=C1CCC1C2C(=O)CC2(C)C1CCC2(O)c1cccc(I)c1
6,O=C(O)CCC(=O)c1ccc(F)cc1
7,CC1CCC(C(C(Cl)Cl)C2OC(C3(CCO)CCC4C5C=C(Cl)C6=CC(=O)C=CC6(C)C5CCC43C)C(O)C(N)C2O)C(O)C1
8,CN1C2CC(n3ccc4c(N)ncnc43)CC1C1OC12
9,C=CC1CN2CCC1CC2CCN
10,CC12C=CC(=O)C=C1C(Cl)=CC1C2CCC2(C)C1CCC2(CCO)C1OC(C(c2cc(Cl)ccc2Cl)C(Cl)Cl)C(O)C(N)C1O
11,CC(=O)CC1(O)CCC2C3CCC4=CC(=O)CCC4(C)C3C(O)CC21C
12,CC(=O)Cc1c(C)cccc1C
13,CC12CCC(=O)C=C1CCC1C2C(=O)CC2(C)C1CCC2(O)c1ccc(C=O)cc1
14,CC(=O)CC1CCC2(C)C(=CCC3C4CCC(=O)C4(C)CCC32)C1
15,CN(C)C=Nc1cccc(CC(=O)O)c1
16,CC12C=CC(=O)C=C1C(Cl)=CC1C2CCC2(C)C1CCC2(CCO)C1OC(C(C(Cl)Cl)C2C(=O)c3ccccc3C2=O)C(O)C(N)C1O
17,Cc1ncc([N+](=O)[O-])n1C1(O)CCC2C3CCC4=CC(=O)CCC4(C)C3C(=O)CC21C
18,O=C(O)CCC(=O)c1cc(Cl)c(Br)cc1Cl
19,O=C(O)CCC(=O)c1ccc(Cl)c(Cl)c1Cl
20,Cc1ccccc1C1(O)CCC2C3CCC4=CC(=O)CCC4(C)C3C(=O)CC21C
21,Nc1ncnc2c1ccn2-c1c(Cl)cc(Cl)cc1Cl
22,C=CCS(=O)SC1CC2C3CCC4=CC(=O)C=CC4(C)C3(F)C(O)CC2(C)C1(O)C1NC(=O)NC1=O
23,O=C(O)CCC(=O)c1cc(O)ccc1O
24,Nc1ccc(C2C(N)CC(c3ccc4ccccc4n3)C(c3ccc(O)cc3)C2O)cc1
25,CC12C=CC(=O)C=C1C(Cl)=CC1C2CCC2(C)C1CCC2(CCO)C1OC(C(c2ccc(O)cc2O)C(Cl)Cl)C(O)C(N)C1O
26,CC12CCC(=O)C=C1CCC1C2C(=O)CC2(C)C1CCC2(O)c1cnc(N)nc1N
27,C=CC1CN2CCC1CC2CCO
28,CC12C=CC(=O)C=C1C(Cl)=CC1C2CCC2(C)C1CCC2(CCO)C1OC(C(c2cc(Cl)c(Cl)c(Cl)c2Cl)C(Cl)Cl)C(O)C(N)C1O
29,CN1C2CCC1C(n1ccc3c(N)ncnc31)C(O)C2
30,CN1CCC23CC(=O)C=CC12CCc1ccc(C2CC(N)C(c4ccc(N)cc4)C(O)C2c2ccc(O)cc2)c(O)c13
31,CC(C)c1cccc(N=CN(C)C)c1
32,Cc1ccc(C2(O)CCC3C4CCC5=CC(=O)CCC5(C)C4C(=O)CC32C)cc1O
33,CC12CCC(=O)C=C1CCC1C2C(=O)CC2(C)C1CCC2(O)c1ccc(Cl)cc1O
34,C=CCc1cccc(N=CN(C)C)c1
35,CC1c2cccc(O)c2C(=O)C2=C(O)C3(O)C(=O)C(C(N)=O)=C(O)C(C(C(Cl)Cl)C4OC(C5(CCO)CCC6C7C=C(Cl)C8=CC(=O)C=CC8(C)C7CCC65C)C(O)C(N)C4O)C3C(O)C21
36,CC(C(=O)O)c1ccc2cc(Cc3ccccc3N)ccc2c1
37,Nc1ccccc1Cc1ccc2cc(N3C(=O)c4ccccc4C3=O)ccc2c1
38,C=CCS(=O)SC1CC2C3CCC4=CC(=O)C=CC4(C)C3(F)C(O)CC2(C)C1(O)C(O)CO
39,C=CC1CN2CCC1CC2C1CCC2C3CCC4=CC(=O)CCC4(C)C3C3CC21C(O)O3
40,CC12CCC(=O)C=C1CCC1C2CCC2(C)C1CCC2(O)n1ccc2c(N)ncnc21
41,Nc1ccc(C2C(N)CC(c3oc4cc(O)cc(O)c4c(=O)c3O)C(c3ccc(O)cc3)C2O)cc1
42,C=CC1CN2CCC1CC2CCC(=O)O
43,CC(=O)Cc1cc(Cl)c(Br)cc1Cl
44,C=CCS(=O)SC1CC2C3CCC4=CC(=O)C=CC4(C)C3(F)C(O)CC2(C)C1(O)OP(=S)(OC)OC
45,Nc1ccc(C2C(N)CC(C3Nc4cc(Cl)c(S(N)(=O)=O)cc4S(=O)(=O)N3)C(c3ccc(O)cc3)C2O)cc1
46,Cc1c(N)c(=O)n(C2(O)CCC3C4CCC5=CC(=O)CCC5(C)C4C(=O)CC32C)n1C
47,CC12CCC(=O)C=C1CCC1C2C(=O)CC2(C)C1CCC2(O)N1c2ccccc2Sc2ccc(C#N)cc21
48,CN(C)C=Nc1cccc(C2C(O)CC3CCC2N3C)c1
49,CN(C)C=Nc1cccc(C2CC3CCC(C2)N3C)c1
50,CC12CCC(=O)C=C1CCC1C2C(=O)CC2(C)C1CCC2(O)N1C(=O)c2ccccc2C1=O
51,CN(C)C=Nc1cccc(C2C(=O)c3ccccc3C2=O)c1
52,Cc1cc(Cl)ccc1C(C(Cl)Cl)C1OC(C2(CCO)CCC3C4C=C(Cl)C5=CC(=O)C=CC5(C)C4CCC32C)C(O)C(N)C1O
53,CC(=O)Sc1ccc2cc(Cc3ccccc3N)ccc2c1
54,C=CCS(=O)SC1CC2C3CCC4=CC(=O)C=CC4(C)C3(F)C(O)CC2(C)C1(O)n1cnc2c1c(=O)n(C)c(=O)n2C
55,C=CC1CN2CCC1CC2CC(O)CO
56,CC1CC2C3CCC4=CC(=O)C=CC4(C)C3(F)C(O)CC2(C)C1(O)c1cccc(N=CN(C)C)c1
57,CC(=O)Cc1ccc2c3c1OC1C(O)C=CC4C(C2)N(C)CCC341
58,CC12CCC(=O)C=C1CCC1C2C(=O)CC2(C)C1CCC2(O)c1ccc(Br)cc1
59,C=CC1CN2CCC1CC2C1CCCC1
60,O=C(O)CCC(=O)c1cccc(I)c1
61,O=C(O)CCC(=O)c1cc([N+](=O)[O-])cc([N+](=O)[O-])c1O
62,CC(=O)Cc1c(Cl)ccc(Cl)c1Cl
63,Nc1ccccc1Cc1ccc2cc(-c3ncnc4nccnc34)ccc2c1
64,Nc1ccccc1Cc1ccc2cc(-c3nc4ccccc4c(=O)o3)ccc2c1
65,C=CC1CN2CCC1CC2C(C)CCC
66,CC1CC2C3CCC(O)(n4ccc5c(N)ncnc54)C3(C)CC(O)C2(F)C2(C)C=CC(=O)C=C12
67,Cc1occc1-n1ccc2c(N)ncnc21
68,O=C(O)CCC(=O)c1c(F)cccc1F
69,CC(=O)Cc1cccc2ccccc12
70,CN(C)C=Nc1cccc(C2(O)C=CC(=O)C=C2)c1
71,COc1ccc2cc(Cc3ccccc3N)ccc2c1
72,C=CCS(=O)SC1CC2C3CCC4=CC(=O)C=CC4(C)C3(F)C(O)CC2(C)C1(O)C(=O)CCC(=O)O
73,CC12C=CC(=O)C=C1C(Cl)=CC1C2CCC2(C)C1CCC2(CCO)C1OC(C(c2cnc(N)nc2N)C(Cl)Cl)C(O)C(N)C1O
74,C=CCS(=O)SC1CC2C3CCC4=CC(=O)C=CC4(C)C3(F)C(O)CC2(C)C1(O)C12OC(C)(C)OC1CC1C3CCC4=CC(=O)C=CC4(C)C3(F)C(O)CC12C
75,C=CCS(=O)SC1CC2C3CCC4=CC(=O)C=CC4(C)C3(F)C(O)CC2(C)C1(O)C(N)=O
76,CN1CCCC1C(=O)CCC(=O)O
77,CC(=O)Cc1cc(O)c(O)c(O)c1
78,CC12CCC(=O)C=C1CCC1C2C(=O)CC2(C)C1CCC2(O)c1cccc(N)c1
79,CN(C)C=Nc1cccc(-n2cnc3c2c(=O)n(C)c(=O)n3C)c1
80,Nc1ccccc1Cc1ccc2cc(SN3C(=O)C4CC=CCC4C3=O)ccc2c1
81,Cc1cc(Cl)ccc1C1CC(N)C(c2ccc(N)cc2)C(O)C1c1ccc(O)cc1
82,Nc1ccc(C2C(N)CC(c3ccc(Cl)cc3Cl)C(c3ccc(O)cc3)C2O)cc1
83,CC(=O)Cc1cc(Cl)cc(N)c1Cl
84,Nc1ncnc2c1ccn2C1CCCCC1
85,Nc1ccccc1Cc1ccc2cc(CCCO)ccc2c1
86,C=CCS(=O)SC1CC2C3CCC4=CC(=O)C=CC4(C)C3(F)C(O)CC2(C)C1(O)C1Nc2cc(Cl)c(S(N)(=O)=O)cc2S(=O)(=O)N1
87,Nc1ccccc1Cc1ccc2cc(-c3nnc(S(N)(=O)=O)s3)ccc2c1
88,CC12C=CC(=O)C=C1C(Cl)=CC1C2CCC2(C)C1CCC2(CCO)C1OC(C(c2ccc(S(N)(=O)=O)cc2)C(Cl)Cl)C(O)C(N)C1O
89,CC12CCC(=O)C=C1CCC1C2C(=O)CC2(C)C1CCC2(O)c1cc(Cl)cc(N)c1Cl
90,CN(C)C=Nc1cccc(C(=O)NN)c1
91,CC1(C)OC2CC3C4CCC5=CC(=O)C=CC5(C)C4(F)C(O)CC3(C)C2(C2CC(N)C(c3ccc(N)cc3)C(O)C2c2ccc(O)cc2)O1
92,CC(=O)Cc1ccc2c(C)c(Cl)c(=O)oc2c1
93,CC(=O)CC1CC2CC1C1CCCC21
94,Cc1cc(O)ccc1C(C(Cl)Cl)C1OC(C2(CCO)CCC3C4C=C(Cl)C5=CC(=O)C=CC5(C)C4CCC32C)C(O)C(N)C1O
95,C=CCS(=O)SC1CC2C3CCC4=CC(=O)C=CC4(C)C3(F)C(O)CC2(C)C1(O)CO
96,CC(=O)Cc1ccc(O)c(O)c1
97,CC12C=CC(=O)C=C1C(Cl)=CC1C2CCC2(C)C1CCC2(CCO)C1OC(C(C(Cl)Cl)C2CC3CC2C2CCCC32)C(O)C(N)C1O
98,O=C(O)CCC(=O)c1ccc(O)cc1
99,Nc1ccccc1Cc1ccc2cc(-c3cccs3)ccc2c1
100,CC(=O)Cc1ccc([N+](=O)[O-])cc1
101,C=CC1CN2CCC1CC2CC(O)C(O)C(O)CO
102,C=CC1CN2CCC1CC2C(O)CO
103,C=CC1CN2CCC1CC2N1C(=O)c2ccccc2C1=O
104,Cc1[nH]cnc1-c1ccc2cc(Cc3ccccc3N)ccc2c1
105,Cc1cc2nc3c(=O)[nH]c(=O)nc-3n(-c3ccc4cc(Cc5ccccc5N)ccc4c3)c2cc1C
106,CN(C)C=Nc1cccc(CCO)c1
107,C=CCS(=O)SC1CC2C3CCC4=CC(=O)C=CC4(C)C3(F)C(O)CC2(C)C1(O)C1CC2CCN1CC2C=C
108,C=CCS(=O)SC1CC2C3CCC4=CC(=O)C=CC4(C)C3(F)C(O)CC2(C)C1(O)C(Cl)Cl
109,CC(=O)Cc1c(Cl)c(Cl)cc(Cl)c1Cl
110,Nc1ncnc2c1ccn2-c1cc(S(N)(=O)=O)c(Cl)cc1O
111,C=CCS(=O)SC1CC2C3CCC4=CC(=O)C=CC4(C)C3(F)C(O)CC2(C)C1(O)c1nccc(C)n1
112,CN(C)C=Nc1cccc(C2(O)CCC3C4CCC5=CC(=O)CCC5(C)C4CCC32C)c1
113,CN1CCC23CC(=O)C=CC12CCc1ccc(C(=O)CCC(=O)O)c(O)c13
114,C=CCS(=O)SC1CC2C3CCC4=CC(=O)C=CC4(C)C3(F)C(O)CC2(C)C1(O)ON=C1C(Cl)C2CC(C#N)C1C2
115,Nc1ccc(C2C(N)CC(c3cc(Cl)c(Br)cc3Cl)C(c3ccc(O)cc3)C2O)cc1
116,CC12CCC(=O)C=C1CCC1C2C(=O)CC2(C)C1CCC2(O)N1c2ccccc2CCc2ccccc21
117,C=CC1CN2CCC1CC2C1CCCCC1C
118,C=CCS(=O)SC1CC2C3CCC4=CC(=O)C=CC4(C)C3(F)C(O)CC2(C)C1(O)C(F)(F)F
119,C=CCC1CC2CCN1CC2C=C
120,CC(=O)Cc1cc(O)ccc1C
121,CC12CCC(=O)C=C1CCC1C2C(=O)CC2(C)C1CCC2(O)c1cccc2ccccc12
122,C=CC1CN2CCC1CC2C(C)C(=O)NO
123,C=CC1CN2CCC1CC2C1(O)CCC2C3CCC4=CC(=O)C=CC4(C)C3C(O)CC21C
124,CC(=O)Cc1cc(Cl)c(Cl)c(Cl)c1Cl
125,Cc1occc1C(=O)CCC(=O)O
126,CC12CCC(=O)C=C1CCC1C2C(=O)CC2(C)C1CCC2(O)N1CCNCC1
127,CC12C=CC(=O)C=C1C(Cl)=CC1C2CCC2(C)C1CCC2(CCO)C1OC(C(c2cc(S(N)(=O)=O)c(Cl)cc2O)C(Cl)Cl)C(O)C(N)C1O
128,Nc1ccccc1Cc1ccc2cc(-n3ccnc3[N+](=O)[O-])ccc2c1
129,CNC1(O)CCC2C3CCC4=CC(=O)CCC4(C)C3C(=O)CC21C
130,C=CCS(=O)SC1CC2C3CCC4=CC(=O)C=CC4(C)C3(F)C(O)CC2(C)C1(O)CC(O)CO
131,CC(=O)CC1C(=O)c2ccccc2C1=O
132,C=CC1CN2CCC1CC2C(F)(F)F
133,Nc1ccccc1Cc1ccc2cc(C(CO)C(=O)O)ccc2c1
134,C=CCS(=O)SC1CC2C3CCC4=CC(=O)C=CC4(C)C3(F)C(O)CC2(C)C1(O)OC1=CC(=O)CC(C)(C)C1
135,C=CCS(=O)SC1CC2C3CCC4=CC(=O)C=CC4(C)C3(F)C(O)CC2(C)C1(O)C1(O)OCC(O)C(O)C1O
136,CC(=O)SC1(O)CCC2C3CCC4=CC(=O)CCC4(C)C3C(=O)CC21C
137,CC(=O)CC1CCC2C3C(O)CC4CC(O)CCC4(C)C3CC(O)C12C
138,Nc1ccc(C2C(N)CC(c3c([N+](=O)[O-])cc(S(N)(=O)=O)cc3[N+](=O)[O-])C(c3ccc(O)cc3)C2O)cc1
139,Nc1ccc(C2C(N)CC(c3ccco3)C(c3ccc(O)cc3)C2O)cc1
140,CC(=O)Cc1ccc(Cl)cc1
141,Nc1ccc(C2C(N)CC(c3nccs3)C(c3ccc(O)cc3)C2O)cc1
142,Nc1ncnc2c1ccn2-c1cc(I)cc(I)c1O
143,CC12C=CC(=O)C=C1C(Cl)=CC1C2CCC2(C)C1CCC2(CCO)C1OC(C(C(Cl)Cl)n2ccc3c(N)ncnc32)C(O)C(N)C1O
144,CC12C=CC(=O)C=C1C(Cl)=CC1C2CCC2(C)C1CCC2(CCO)C1OC(C(C(Cl)Cl)C2(O)CCC3C4CCC5=CC(=O)CCC5(C)C4CCC32C)C(O)C(N)C1O
145,CC12CCC(=O)C=C1CCC1C2C(=O)CC2(C)C1CCC2(O)c1ccc(O)cc1O
146,C=CC1CN2CCC1CC2C(C)(C)C
147,Cc1cc(Cl)ccc1C(=O)CCC(=O)O
148,Nc1ncnc2c1ccn2-c1ccc(O)c(O)c1
149,Cn1c(=O)on(-c2ccc3cc(Cc4ccccc4N)ccc3c2)c1=O
150,C=CCS(=O)SC1CC2C3CCC4=CC(=O)C=CC4(C)C3(F)C(O)CC2(C)C1(O)c1cnccn1
151,C=CCS(=O)SC1CC2C3CCC4=CC(=O)C=CC4(C)C3(F)C(O)CC2(C)C1(O)OS(C)(=O)=O
152,C=CCS(=O)SC1CC2C3CCC4=CC(=O)C=CC4(C)C3(F)C(O)CC2(C)C1(O)N1C(=O)c2ccccc2C1=O
153,CC12C=CC(=O)C=C1C(Cl)=CC1C2CCC2(C)C1CCC2(CCO)C1OC(C(C(Cl)Cl)C2(O)CCC3C4CCC5=CC(=O)CCC5(C)C4C(=O)CC32C)C(O)C(N)C1O
154,C=CCS(=O)SC1CC2C3CCC4=CC(=O)C=CC4(C)C3(F)C(O)CC2(C)C1(O)CCC(=O)O
155,CC12CCC(=O)C=C1CCC1C2C(=O)CC2(C)C1CCC2(O)c1cc([N+](=O)[O-])cc([N+](=O)[O-])c1O
156,CC12CCC(=O)C=C1CCC1C2C(=O)CC2(C)C1CCC2(O)c1c(Cl)cccc1Cl
157,CC(=O)Cc1ccccc1Cl
158,Cc1cc(Cl)ccc1-n1ccc2c(N)ncnc21
159,CC(=O)Cc1cc(Cl)ccc1Cl
160,Nc1ccccc1Cc1ccc2cc(C(Cl)Cl)ccc2c1
161,CC12C=CC(=O)C=C1C(Cl)=CC1C2CCC2(C)C1CCC2(CCO)C1OC(C(c2cc(O)c(O)c(O)c2)C(Cl)Cl)C(O)C(N)C1O
162,CN(C)C=Nc1cccc(C2C(O)=C(C(N)=O)C(=O)C3(O)C(O)=C4C(=O)c5c(O)cccc5C(C)(O)C4CC23)c1
163,CN(C)C=Nc1cccc(C(=O)O)c1
164,Nc1ccccc1Cc1ccc2cc(CCO)ccc2c1
165,Cc1cc(O)ccc1-n1ccc2c(N)ncnc21
166,CC(=O)Cc1c([N+](=O)[O-])cc(S(N)(=O)=O)cc1[N+](=O)[O-]
167,C=CC1CN2CCC1CC2C(C)(C)CC
168,C=CCS(=O)SC1CC2C3CCC4=CC(=O)C=CC4(C)C3(F)C(O)CC2(C)C1(O)n1c([N+](=O)[O-])cnc1C
169,CC(=O)Cc1cc([N+](=O)[O-])cc([N+](=O)[O-])c1O
170,CC12CCC(=O)C=C1CCC1C2C(O)CC2(C)C1CCC2(O)n1ccc2c(N)ncnc21
171,Cc1c(Cl)c(=O)oc2cc(C3CC(N)C(c4ccc(N)cc4)C(O)C3c3ccc(O)cc3)ccc12
172,Nc1ncnc2c1ccn2-c1ccccc1[N+](=O)[O-]
173,Nc1ccccc1Cc1ccc2cc(-n3ncc(N)c(Br)c3=O)ccc2c1
174,O=C(O)CCC(=O)c1ccc(Cl)cc1Cl
175,O=C(O)CCC(=O)c1cc(O)c2c(=O)c3cc(O)ccc3oc2c1
176,CC12C=CC(=O)C=C1C(Cl)=CC1C2CCC2(C)C1CCC2(CCO)C1OC(C(C(Cl)Cl)C2CC3=CC(=O)CCC3(C)C3CCC4(C)C(CCC45CCC(=O)O5)C23)C(O)C(N)C1O
177,O=C(O)CCC(=O)c1ccccc1[N+](=O)[O-]
178,Cc1ccc(-n2ccc3c(N)ncnc32)c(O)c1
179,Nc1ccc(C2C(N)CC(c3ccc(S(N)(=O)=O)cc3)C(c3ccc(O)cc3)C2O)cc1
180,C=CCS(=O)SC1CC2C3CCC4=CC(=O)C=CC4(C)C3(F)C(O)CC2(C)C1(O)SN1C(=O)C2CC=CCC2C1=O
181,CC12C=CC(=O)C=C1C(Cl)=CC1C2CCC2(C)C1CCC2(CCO)C1OC(C(c2cc(O)ccc2O)C(Cl)Cl)C(O)C(N)C1O
182,CC12C=CC(=O)C=C1C(Cl)=CC1C2CCC2(C)C1CCC2(CCO)C1OC(C(C(Cl)Cl)C2CCC3C4C(O)CC5CC(O)CCC5(C)C4CCC23C)C(O)C(N)C1O
183,CN(C)C=Nc1cccc(C2CCC3C4C(O)CC5CC(O)CCC5(C)C4CC(O)C23C)c1
184,CN(C)C=Nc1cccc(-n2cnc3c(O)ncnc32)c1
185,CN(C)C=Nc1cccc(C(Cl)(Cl)Cl)c1
186,CCC(=O)c1ccc2cc(Cc3ccccc3N)ccc2c1
187,Nc1ncnc2c1ccn2-c1cc(Cl)c(Cl)cc1Cl
188,Cc1noc(-c2ccc3cc(Cc4ccccc4N)ccc3c2)c1C
189,CC12CCC(=O)C=C1CCC1C2C(=O)CC2(C)C1CCC2(O)c1ccc(Cl)cc1Cl
190,Nc1ccccc1Cc1ccc2cc(-c3cccc(Cl)n3)ccc2c1
191,C=CC1CN2CCC1CC2C1(O)CCC2C3CCC4=CC(=O)CCC4(C)C3CCC21C
192,O=C(O)CCC(=O)c1cc(Cl)ccc1O
193,C=CCS(=O)SC1CC2C3CCC4=CC(=O)C=CC4(C)C3(F)C(O)CC2(C)C1(O)C1NC(=O)c2cc(S(N)(=O)=O)c(Cl)cc2N1
194,CC12CCC(=O)C=C1CCC1C2C(=O)CC2(C)C1CCC2(O)c1cc(Cl)c(Cl)cc1O
195,CC(=O)Cc1cc(Cl)c(Cl)cc1O
196,Nc1ncnc2c1ccn2-c1cc(Cl)ccc1O
197,C=CC1CN2CCC1CC2C1CC(C)CC(C)C1=O
198,C=CC1CN2CCC1CC2C(CO)C(=O)O
199,C=CCS(=O)SC1CC2C3CCC4=CC(=O)C=CC4(C)C3(F)C(O)CC2(C)C1(O)O[N+](=O)[O-]
200,Cc1ccccc1-n1ccc2c(N)ncnc21
201,C=CC1CN2CCC1CC2C1CCCN(C)C1
202,C=CCS(=O)SC1CC2C3CCC4=CC(=O)C=CC4(C)C3(F)C(O)CC2(C)C1(O)C(C)C(=O)NO
203,Nc1ccc(C2C(N)CC(C3NC(=O)c4cc(S(N)(=O)=O)c(Cl)cc4N3)C(c3ccc(O)cc3)C2O)cc1
204,CC12C=CC(=O)C=C1C(Cl)=CC1C2CCC2(C)C1CCC2(CCO)C1OC(C(c2c([N+](=O)[O-])cc(S(N)(=O)=O)cc2[N+](=O)[O-])C(Cl)Cl)C(O)C(N)C1O
205,C=CC1CN2CCC1CC2C1(O)C(C)CC2C3CCC4=CC(=O)C=CC4(C)C3(F)C(O)CC21C
206,CC12C=CC(=O)C=C1C(Cl)=CC1C2CCC2(C)C1CCC2(CCO)C1OC(C(C(Cl)Cl)C2CCC3C4CCC5=CC(=O)CCC5(C)C4C4CC32C(O)O4)C(O)C(N)C1O
207,Cc1ccc2nc(-c3ccc4cc(Cc5ccccc5N)ccc4c3)sc2c1
208,Nc1ccccc1Cc1ccc2cc(CC(O)C(O)C(O)CO)ccc2c1
209,CC(C)(C)c1ccc2cc(Cc3ccccc3N)ccc2c1
210,C=CC1CN2CCC1CC2CO
211,C=CCS(=O)SC1CC2C3CCC4=CC(=O)C=CC4(C)C3(F)C(O)CC2(C)C1(O)CCC(C)C
212,CC12CCC(O)CC1C(O)CC1C2CC(O)C2(C)C1CCC2n1ccc2c(N)ncnc21
213,C=CC1CN2CCC1CC2C(Cl)Cl
214,Nc1ccc(C2CC(N)C(c3ccc(N)cc3)C(O)C2c2ccc(O)cc2)cc1
215,CC12C=CC(=O)C=C1C(Cl)=CC1C2CCC2(C)C1CCC2(CCO)C1OC(C(c2c(Cl)c(Cl)cc(Cl)c2Cl)C(Cl)Cl)C(O)C(N)C1O
216,CC(=O)Cc1c(O)c(Cl)c(Cl)c(Cl)c1Cl
217,Nc1ccc(C2C(N)CC(c3ccccc3[N+](=O)[O-])C(c3ccc(O)cc3)C2O)cc1
218,CC(=O)Cc1c2occc2cc2ccc(=O)oc12
219,CC(=O)Cc1cccc(N)c1
220,C=CC1CN2CCC1CC2CCC(C)C
221,C=CC1CN2CCC1CC2C1C(O)=C(C(N)=O)C(=O)C2(O)C(O)=C3C(=O)c4c(O)cccc4C(C)(O)C3C(O)C12
222,Nc1ccc(C2C(N)CC(c3cc(O)c4c(=O)c5cc(O)ccc5oc4c3)C(c3ccc(O)cc3)C2O)cc1
223,C=CCS(=O)SC1CC2C3CCC4=CC(=O)C=CC4(C)C3(F)C(O)CC2(C)C1(O)CC(C)C
224,CC12C=CC(=O)C=C1C(Cl)=CC1C2CCC2(C)C1CCC2(CCO)C1OC(C(C(Cl)Cl)C2C(O)=C(C(N)=O)C(=O)C3(O)C(O)=C4C(=O)c5c(O)cccc5C(C)(O)C4C(O)C23)C(O)C(N)C1O
225,Cc1[nH]c(=O)n(-c2cccc(N=CN(C)C)c2)c(=O)c1Cl
226,Nc1ccc(C2C(N)CC(c3cccc(N)c3)C(c3ccc(O)cc3)C2O)cc1
227,C=CCS(=O)SC1CC2C3CCC4=CC(=O)C=CC4(C)C3(F)C(O)CC2(C)C1(O)C1CCCN1C
228,Nc1ncnc2c1ccn2-c1cc(I)c(O)c(I)c1
229,CC12CCC(=O)C=C1CCC1C2C(=O)CC2(C)C1CCC2(O)SN1C(=O)C2CC=CCC2C1=O
230,C=CC1CN2CCC1CC2CC(N)CC
231,CC1Nc2cc(Cl)c(S(N)(=O)=O)cc2C(=O)N1C1CC(N)C(c2ccc(N)cc2)C(O)C1c1ccc(O)cc1
232,Cc1ccc(C(=O)CCC(=O)O)cc1O
233,C=CCS(=O)SC1CC2C3CCC4=CC(=O)C=CC4(C)C3(F)C(O)CC2(C)C1(O)n1cncn1
234,O=C(O)CCC(=O)c1c(Cl)cccc1Cl
235,CN(C)C=Nc1cccc(C2C(O)=C(C(N)=O)C(=O)C3(O)C(O)=C4C(=O)c5c(O)ccc(Cl)c5C(O)C4CC23)c1
236,CN(C)C=Nc1cccc(-n2cncn2)c1
237,O=C(O)CCC(=O)C1OC(O)C(O)C(O)C1O
238,Cc1[nH]c(=O)n(C2CC(N)C(c3ccc(N)cc3)C(O)C2c2ccc(O)cc2)c(=O)c1Cl
239,Cc1ncc([N+](=O)[O-])n1-c1ccc2cc(Cc3ccccc3N)ccc2c1
240,C=CCS(=O)SC1CC2C3CCC4=CC(=O)C=CC4(C)C3(F)C(O)CC2(C)C1(O)n1c2nc(=O)[nH]c(=O)c-2nc2cc(C)c(C)cc21
241,CC12C=CC(=O)C=C1C(Cl)=CC1C2CCC2(C)C1CCC2(CCO)C1OC(C(c2c(Cl)cc(Cl)c(Cl)c2Cl)C(Cl)Cl)C(O)C(N)C1O
242,CC(=O)Cc1cc(S(N)(=O)=O)c(Cl)cc1O
243,CC12C=CC(=O)C=C1C(Cl)=CC1C2CCC2(C)C1CCC2(CCO)C1OC(C(C(Cl)Cl)C2CCC3C4CC(O)C5CC(O)CCC5(C)C4CCC32C)C(O)C(N)C1O
244,O=C(O)CCC(=O)C1NC(=O)NC1=O
245,O=C(O)CCC(=O)c1c(Cl)ccc(Cl)c1Cl
246,C=CC1CN2CCC1CC2C1(O)CCC2C3CC(C)C4=CC(=O)C=CC4(C)C3(F)C(O)CC21C
247,CN(C)C=Nc1cccc(C2C(O)=C(C(N)=O)C(=O)C3(O)C(O)=C4C(=O)c5c(O)cccc5C(C)(O)C4C(O)C23)c1
248,C=CCS(=O)SC1CC2C3CCC4=CC(=O)C=CC4(C)C3(F)C(O)CC2(C)C1(O)CCC
249,CN(C)C=Nc1cccc(C(C)(C)C)c1
250,CN1CCCCC1C(=O)CCC(=O)O
251,CC12CCC(=O)C=C1CCC1C2C(=O)CC2(C)C1CCC2(O)c1c(Cl)cc(Cl)cc1Cl
252,C=CCS(=O)SC1CC(N)C(c2ccc(N)cc2)C(O)C1c1ccc(O)cc1
253,Cn1c(=O)on(C2CC(N)C(c3ccc(N)cc3)C(O)C2c2ccc(O)cc2)c1=O
254,C=CC1CN2CCC1CC2C(C)C(=O)O
255,O=C(O)CCC(=O)c1cc(Cl)c(Cl)cc1Cl
256,O=C(O)CCC(=O)c1ccccc1
257,O=C(O)CCC(=O)C1CC(=O)c2c(O)cc(O)cc2O1
258,O=C(O)CCC(=O)c1cc(Cl)c(I)cc1Cl
259,Cc1cccc(C2(O)CCC3C4CCC5=CC(=O)CCC5(C)C4C(=O)CC32C)c1
260,CN(C)C=Nc1cccc(CC(O)CO)c1
261,CN(C)C=Nc1cccc(CCC(=O)O)c1
262,Nc1cccc(-n2ccc3c(N)ncnc32)c1
263,CN(C)C=Nc1cccc(C(=O)CCC(=O)O)c1
264,CN(C)C=Nc1cccc(C(Cl)Cl)c1
265,Cc1ncc([N+](=O)[O-])n1C1CC(N)C(c2ccc(N)cc2)C(O)C1c1ccc(O)cc1
266,C=CC1CN2CCC1CC2N1CCNC1=O
267,CCC(N)Cc1cccc(N=CN(C)C)c1
268,C=CCS(=O)SC1CC2C3CCC4=CC(=O)C=CC4(C)C3(F)C(O)CC2(C)C1(O)CC(N)C(=O)O
269,Nc1ccccc1Cc1ccc2cc(-c3nccs3)ccc2c1
270,CN1CCN(C2(O)CCC3C4CCC5=CC(=O)CCC5(C)C4C(=O)CC32C)CC1
271,C=CCS(=O)SC1CC2C3CCC4=CC(=O)C=CC4(C)C3(F)C(O)CC2(C)C1(O)C(C)(C)C
272,CN(C)C=Nc1cccc(C2CCC3(C)C(=CCC4C5CCC(=O)C5(C)CCC43)C2)c1
273,CC(=O)Cc1c(Cl)cc(Cl)cc1Cl
274,CC12CCC(=O)C=C1CCC1C2C(=O)CC2(C)C1CCC2(O)c1c[nH]c2ccccc12
275,O=C(O)CCC(=O)c1ccc(Cl)cc1O
276,O=C(O)CCC(=O)c1ccncc1
277,CC(=O)Cc1cccnc1
278,Nc1ccc(C2C(N)CC(c3c(Cl)cc(Cl)c(Cl)c3Cl)C(c3ccc(O)cc3)C2O)cc1
279,Nc1ccc(C2C(N)CC(c3cc(Cl)c(I)cc3Cl)C(c3ccc(O)cc3)C2O)cc1
280,Nc1ccccc1Cc1ccc2cc(N3C(=O)c4ccccc4NS3(=O)=O)ccc2c1
281,C=CCS(=O)SC1CC2C3CCC4=CC(=O)C=CC4(C)C3(F)C(O)CC2(C)C1(O)CCCCCC
282,C=CCS(=O)SC1CC2C3CCC4=CC(=O)C=CC4(C)C3(F)C(O)CC2(C)C1(O)OC
283,Nc1ccccc1Cc1ccc2cc(-n3cnc4c(O)ncnc43)ccc2c1
284,NS(=O)(=O)c1nc2ccc(C(=O)CCC(=O)O)cc2s1
285,CN(C)C=Nc1cccc(C2CC2)c1
286,CC(=O)Cc1ccc2nc(S(N)(=O)=O)sc2c1
287,O=C(O)CCC(=O)c1ccc([N+](=O)[O-])cc1
288,CC12C=CC(=O)C=C1C(Cl)=CC1C2CCC2(C)C1CCC2(CCO)C1OC(C(c2cc([N+](=O)[O-])cc([N+](=O)[O-])c2O)C(Cl)Cl)C(O)C(N)C1O
289,CC1c2cccc(O)c2C(=O)C2=C(O)C3(O)C(=O)C(C(N)=O)=C(O)C(n4ccc5c(N)ncnc54)C3C(O)C21
290,CC(=O)Cc1ccc([N+](=O)[O-])cc1Cl
291,C=CCS(=O)SC1CC2C3CCC4=CC(=O)C=CC4(C)C3(F)C(O)CC2(C)C1(O)OC=O
292,Nc1ccc(C2C(N)CC(c3ncc4nccnc4n3)C(c3ccc(O)cc3)C2O)cc1
293,Nc1ccccc1Cc1ccc2cc(-c3ccc4ccccc4n3)ccc2c1
294,C=CCS(=O)SC1CC2C3CCC4=CC(=O)C=CC4(C)C3(F)C(O)CC2(C)C1(O)OC=C
295,C=CC1CN2CCC1CC2C1CCCCC1
296,Nc1ccc(C2C(N)CC(C3CO3)C(c3ccc(O)cc3)C2O)cc1
297,Nc1ncnc2c1ccn2-c1c([N+](=O)[O-])cc(S(N)(=O)=O)cc1[N+](=O)[O-]
298,CCC(C)c1ccc2cc(Cc3ccccc3N)ccc2c1
299,Nc1ccc(C2C(N)CC(c3cc(I)c(O)c(I)c3)C(c3ccc(O)cc3)C2O)cc1
300,CC12CCC(=O)C=C1CCC1C2C(=O)CC2(C)C1CCC2(O)c1ccnc2ccccc12
301,CC(=O)Cc1ccc(S(C)=O)cc1
302,Nc1ccccc1Cc1ccc2cc(-c3ncccn3)ccc2c1
303,Nc1ccc(C2C(N)CC(c3ccccc3N)C(c3ccc(O)cc3)C2O)cc1
304,CC1(C)C(C=C(Cl)Cl)C1n1ccc2c(N)ncnc21
305,CC1(C)OC2CC3C4CCC5=CC(=O)C=CC5(C)C4(F)C(O)CC3(C)C2(C(C(Cl)Cl)C2OC(C3(CCO)CCC4C5C=C(Cl)C6=CC(=O)C=CC6(C)C5CCC43C)C(O)C(N)C2O)O1
306,Cc1ccc(C(=O)CCC(=O)O)c(O)c1
307,CC1CC2C3CCC4=CC(=O)C=CC4(C)C3(F)C(O)CC2(C)C1(O)n1ccc2c(N)ncnc21
308,C=CCS(=O)SC1CC2C3CCC4=CC(=O)C=CC4(C)C3(F)C(O)CC2(C)C1(O)C1CCCCN1C
309,Cc1c(N)c(=O)n(C(C(Cl)Cl)C2OC(C3(CCO)CCC4C5C=C(Cl)C6=CC(=O)C=CC6(C)C5CCC43C)C(O)C(N)C2O)n1C
310,C=CC1CN2CCC1CC2C1(C)CCC2C3C=C(C)C4=CC(=O)CCC4(C)C3CCC21C
311,Nc1ncnc2c1ccn2C1CC1
312,CN(C)C=Nc1cccc(C(N)=O)c1
313,Nc1ccc(C2C(N)CC(c3cc(Cl)ccc3Cl)C(c3ccc(O)cc3)C2O)cc1
314,Nc1ccccc1Cc1ccc2cc(-c3oc4cc(O)cc(O)c4c(=O)c3O)ccc2c1
315,CC12C=CC(=O)C=C1C(Cl)=CC1C2CCC2(C)C1CCC2(CCO)C1OC(C(c2ccc(Br)cc2)C(Cl)Cl)C(O)C(N)C1O
316,CC12CCC(=O)C=C1CCC1C2C(=O)CC2(C)C1CCC2(O)c1ccc(I)cc1
317,CC1CC2C(C(O)CC3(C)C2CCC3(O)n2ccc3c(N)ncnc32)C2(C)C=CC(=O)C=C12
318,CC(=O)Cc1ccc(O)c(I)c1
319,CC12C=CC(=O)C=C1C(Cl)=CC1C2CCC2(C)C1CCC2(CCO)C1OC(C(C(Cl)Cl)n2ncc(N)c(Cl)c2=O)C(O)C(N)C1O
320,Nc1ccccc1Cc1ccc2cc(-c3ncc([N+](=O)[O-])s3)ccc2c1
321,CN(C)C=Nc1cccc(-n2ccc3c(N)ncnc32)c1
322,CC(C)C1=CC2=CCC3C(C)(CCCC3(C)C(C(Cl)Cl)C3OC(C4(CCO)CCC5C6C=C(Cl)C7=CC(=O)C=CC7(C)C6CCC54C)C(O)C(N)C3O)C2CC1
323,Cn1c(=O)c2c(ncn2C(C(Cl)Cl)C2OC(C3(CCO)CCC4C5C=C(Cl)C6=CC(=O)C=CC6(C)C5CCC43C)C(O)C(N)C2O)n(C)c1=O
324,C=C1CC23CC1(O)CCC2C12C=CC(O)C(C)(C(=O)O1)C2C3n1ccc2c(N)ncnc21
325,Nc1ccc(C2C(N)CC(C3OCCO3)C(c3ccc(O)cc3)C2O)cc1
326,CC1(O)c2c(Cl)ccc(O)c2C(=O)C2=C(O)C3(O)C(=O)C(C(N)=O)=C(O)C(n4ccc5c(N)ncnc54)C3CC21
327,C=CC1CN2CCC1CC2C1(O)C=CC(=O)C=C1
328,C=CCS(=O)SC1CC2C3CCC4=CC(=O)C=CC4(C)C3(F)C(O)CC2(C)C1(O)C(C)CC
329,Nc1ncnc2c1ccn2-c1cc(Cl)ccc1Cl
330,Nc1ccc(C2C(N)CC(c3ccc(O)cc3O)C(c3ccc(O)cc3)C2O)cc1
331,C=CC1CN2CCC1CC2C1C(O)CC2CCC1N2C
332,NS(=O)(=O)c1ccc(C(=O)CCC(=O)O)cc1
333,O=C(O)CCC(=O)c1ccc(O)c(I)c1
334,CN(C)C=Nc1cccc(C2CC3CC2C2CCCC32)c1
335,CC(=O)Cc1c(C)cccc1O
336,CC(=O)CC12OC(C)(C)OC1CC1C3CCC4=CC(=O)C=CC4(C)C3(F)C(O)CC12C
337,CC12CCC(O)CC1CCC1C2CC(O)C2(C)C1CCC2n1ccc2c(N)ncnc21
338,C=CCc1ccc2cc(Cc3ccccc3N)ccc2c1
339,C=CCS(=O)SC1CC2C3CCC4=CC(=O)C=CC4(C)C3(F)C(O)CC2(C)C1(O)n1c(=O)sc2cccc(Cl)c21
340,Cc1ccc(C2(O)CCC3C4CCC5=CC(=O)CCC5(C)C4C(=O)CC32C)c(O)c1
341,CCCCc1ccc2cc(Cc3ccccc3N)ccc2c1
342,CC(=O)Cc1ccc(S(N)(=O)=O)cc1
343,Nc1ccc(C2C(N)CC(C3CCCCN3)C(c3ccc(O)cc3)C2O)cc1
344,CN(C)C1(O)CCC2C3CCC4=CC(=O)CCC4(C)C3C(=O)CC21C
345,Nc1ccccc1Cc1ccc2cc(-c3c[nH]cn3)ccc2c1
346,CC12CCC(=O)C=C1CCC1C2C(=O)CC2(C)C1CCC2(O)c1c(Cl)ccc(Cl)c1Cl
347,CC12C=CC(=O)C=C1C(Cl)=CC1C2CCC2(C)C1CCC2(CCO)C1OC(C(c2ccc(Cl)cc2Cl)C(Cl)Cl)C(O)C(N)C1O
348,Cc1occc1C1(O)CCC2C3CCC4=CC(=O)CCC4(C)C3C(=O)CC21C
349,CC(=O)Cc1ccc(C)c(O)c1
350,C=CCS(=O)SC1CC2C3CCC4=CC(=O)C=CC4(C)C3(F)C(O)CC2(C)C1(O)N1CCNC1=O
351,CC(=O)Cc1ccc(N)c(Cl)c1
352,CC1CCC(n2ccc3c(N)ncnc32)C(O)C1
353,Nc1ncnc2c1ccn2-c1ccc(Br)cc1
354,CC1CC(C)C(=O)C(c2cccc(N=CN(C)C)c2)C1
355,Nc1ccc(C2C(N)CC(c3c(F)cccc3F)C(c3ccc(O)cc3)C2O)cc1
356,Nc1ncnc2c1ccn2-c1cc(Cl)c(Br)cc1Cl
357,C=CCS(=O)SC1CC2C3CCC4=CC(=O)C=CC4(C)C3(F)C(O)CC2(C)C1(O)c1nc2ccccc2c(=O)o1
358,C=CCS(=O)SC1CC2C3CCC4=CC(=O)C=CC4(C)C3(F)C(O)CC2(C)C1(O)c1nc[nH]c1C
359,Cc1ccccc1C(=O)CCC(=O)O
360,Nc1ccc(C2C(N)CC(c3c[nH]cn3)C(c3ccc(O)cc3)C2O)cc1
361,Nc1ccccc1Cc1ccc2cc(CCl)ccc2c1
362,Nc1ccc(C2C(N)CC(n3ncc(N)c(Cl)c3=O)C(c3ccc(O)cc3)C2O)cc1
363,CN1CCCC(n2ccc3c(N)ncnc32)C1
364,CC(=O)CC1(O)C=CC(=O)C=C1
365,O=C(O)CCC(=O)C1CCCCN1
366,Nc1ccc(C2C(N)CC(c3cccc(Cl)n3)C(c3ccc(O)cc3)C2O)cc1
367,Cc1nnc(C2CC(N)C(c3ccc(N)cc3)C(O)C2c2ccc(O)cc2)s1
368,CN1CCCC1C1CC(N)C(c2ccc(N)cc2)C(O)C1c1ccc(O)cc1
369,CC12CCC(=O)C=C1CCC1C2C2CC3(C(O)O2)C1CCC3n1ccc2c(N)ncnc21
370,CC12C=CC(=O)C=C1C(Cl)=CC1C2CCC2(C)C1CCC2(CCO)C1OC(C(C(Cl)Cl)C2(O)C(O)CC3C4CCC5=CC(=O)C=CC5(C)C4(F)C(O)CC32C)C(O)C(N)C1O
371,C=CCS(=O)SC1CC2C3CCC4=CC(=O)C=CC4(C)C3(F)C(O)CC2(C)C1(O)C(=O)CC
372,C=CC1CN2CCC1CC2C1(O)CCC2C3CC(C)C4=CC(=O)C=CC4(C)C3C(O)CC21C
373,Nc1ccccc1Cc1ccc2cc(C(Cl)(Cl)Cl)ccc2c1
374,C=CC1CN2CCC1CC2N1C(=O)c2ccccc2NS1(=O)=O
375,C=CC1CN2CCC1CC2C1(O)CCC2C3CCC4=CC(=O)CCC4(C)C3(F)C(O)CC21C
376,CC1CCC(c2cccc(N=CN(C)C)c2)C(O)C1
377,CC1CC2C(C(O)CC3(C)C2CCC3(O)C(C(Cl)Cl)C2OC(C3(CCO)CCC4C5C=C(Cl)C6=CC(=O)C=CC6(C)C5CCC43C)C(O)C(N)C2O)C2(C)C=CC(=O)C=C12
378,C=CCS(=O)SC1CC2C3CCC4=CC(=O)C=CC4(C)C3(F)C(O)CC2(C)C1(O)C1CO1
379,Nc1ncnc2c1ccn2-c1ccnc2ccccc12
380,CC(=O)Cc1ccc2c(c1)N(C)c1ccccc1S2
381,O=C(O)CCC(=O)c1c(Cl)cc(Cl)cc1Cl
382,O=C(O)CCC(=O)c1ccc(I)cc1
383,C=CC1CN2CCC1CC2C12OC(C)(C)OC1CC1C3CCC4=CC(=O)C=CC4(C)C3(F)C(O)CC12C
384,CC12CCC(=O)C=C1CCC1C2C(=O)CC2(C)C1CCC2(O)c1ccc(O)c(O)c1
385,O=C(O)CCC(=O)c1c(O)c(Cl)c(Cl)c(Cl)c1Cl
386,CC12CCC(O)CC1CC(O)C1C2CC(O)C2(C)C1CCC2n1ccc2c(N)ncnc21
387,CC(=O)Cc1ccc2c(c1O)C13CCN(C)C1(C=CC(=O)C3)CC2
388,CN(C)C=Nc1cccc(C(=O)CO)c1
389,CC12C=CC(=O)C=C1C(Cl)=CC1C2CCC2(C)C1CCC2(CCO)C1OC(C(c2ccccc2[N+](=O)[O-])C(Cl)Cl)C(O)C(N)C1O
390,C=CCS(=O)SC1CC2C3CCC4=CC(=O)C=CC4(C)C3(F)C(O)CC2(C)C1(O)CC(N)CC
391,CC1CC2C3CCC4=CC(=O)C=CC4(C)C3(F)C(O)CC2(C)C1(O)C(C(Cl)Cl)C1OC(C2(CCO)CCC3C4C=C(Cl)C5=CC(=O)C=CC5(C)C4CCC32C)C(O)C(N)C1O
392,CC(=O)CC1CC(C)CC(C)C1=O
393,CC(=O)Cc1c(O)c2ccccc2oc1=O
394,CN(C)C=Nc1cccc(CC(N)C(=O)O)c1
395,C=CCS(=O)SC1CC2C3CCC4=CC(=O)C=CC4(C)C3(F)C(O)CC2(C)C1(O)N1C(=O)c2cc(S(N)(=O)=O)c(Cl)cc2NC1C
396,C=CCS(=O)SC1CC2C3CCC4=CC(=O)C=CC4(C)C3(F)C(O)CC2(C)C1(O)n1ncc(N)c(Cl)c1=O
397,O=C(O)CCC(=O)c1ccc(Cl)c(Cl)c1
398,CC12C=CC(=O)C=C1C(Cl)=CC1C2CCC2(C)C1CCC2(CCO)C1OC(C(C(Cl)Cl)n2c(=O)sc3cccc(Cl)c32)C(O)C(N)C1O
399,CC12CCC(=O)C=C1CCC1C3CCC(O)(n4ccc5c(N)ncnc54)C3(C)CC(O)C12F
400,CC12CCC(O)CC1=CCC1C2CCC2(C)C1CCC2n1ccc2c(N)ncnc21
401,CC12C=CC(=O)C=C1C(Cl)=CC1C2CCC2(C)C1CCC2(CCO)C1OC(C(C(Cl)Cl)C2C(C=C(Cl)Cl)C2(C)C)C(O)C(N)C1O
402,O=C(O)CCC(=O)c1ccc2cc3ccccc3cc2c1
403,C=CCS(=O)SC1CC2C3CCC4=CC(=O)C=CC4(C)C3(F)C(O)CC2(C)C1(O)c1ncc(C)cn1
404,CN(C)S(=O)(=O)Oc1ccc2cc(Cc3ccccc3N)ccc2c1
405,CC12C=CC(=O)C=C1C(Cl)=CC1C2CCC2(C)C1CCC2(CCO)C1OC(C(C(Cl)Cl)C2CCCCCCC2)C(O)C(N)C1O
406,Nc1ccc(C2C(N)CC(c3cccs3)C(c3ccc(O)cc3)C2O)cc1
407,Nc1ncnc2c1ccn2-c1ccccc1
408,CC12C=CC(=O)C=C1C(Cl)=CC1C2CCC2(C)C1CCC2(CCO)C1OC(C(C(Cl)Cl)C2CCC3C4CC(O)C5CC(O)CCC5(C)C4CC(O)C32C)C(O)C(N)C1O
409,Nc1ncnc2c1ccn2-c1c(Cl)ccc(Cl)c1Cl
410,O=C(O)CCC(=O)c1c(O)c2ccccc2oc1=O
411,Nc1ccc(C2C(N)CC(c3cnccn3)C(c3ccc(O)cc3)C2O)cc1
412,CC(=O)Cc1ccccc1I
413,CC12CCC(=O)C=C1CCC1C2C(=O)CC2(C)C1CCC2(O)n1cncn1
414,CC(=O)Cc1cccc(C)c1
415,CSC1(O)CCC2C3CCC4=CC(=O)CCC4(C)C3C(=O)CC21C
416,CC12C=CC(=O)C=C1C(Cl)=CC1C2CCC2(C)C1CCC2(CCO)C1OC(C(c2c(Cl)c(Cl)c(Cl)c(Cl)c2Cl)C(Cl)Cl)C(O)C(N)C1O
417,CC(C)(C)C(=O)c1ccc2cc(Cc3ccccc3N)ccc2c1
418,CC12CCC(=O)C=C1CCC1C2C(=O)CC2(C)C1CCC2(O)c1c([N+](=O)[O-])cc(S(N)(=O)=O)cc1[N+](=O)[O-]
419,C=CC1CN2CCC1CC2C1CCC2C3CCC4CC(O)CCC4(C)C3CC(O)C21C
420,Nc1ccccc1Cc1ccc2cc(OC=O)ccc2c1
421,Cc1cnc(C2CC(N)C(c3ccc(N)cc3)C(O)C2c2ccc(O)cc2)nc1
422,CC(=O)c1ccc2cc(Cc3ccccc3N)ccc2c1
423,Nc1ccc(C2C(N)CC(C3CC(=O)c4c(O)cc(O)cc4O3)C(c3ccc(O)cc3)C2O)cc1
424,Nc1ccccc1Cc1ccc2cc(-c3ncc4nccnc4n3)ccc2c1
425,CC12C=CC(=O)C=C1C(Cl)=CC1C2CCC2(C)C1CCC2(CCO)C1OC(C(C(Cl)Cl)C2C(O)=C(C(N)=O)C(=O)C3(O)C(O)=C4C(=O)c5c(O)ccc(Cl)c5C(O)C4CC23)C(O)C(N)C1O
426,CC12C=CC(=O)C=C1C(Cl)=CC1C2CCC2(C)C1CCC2(CCO)C1OC(C(C(Cl)Cl)C2CCC3C4CCC5CC(O)CCC5(C)C4CC(O)C32C)C(O)C(N)C1O
427,CC12C=CC(=O)C=C1C(Cl)=CC1C2CCC2(C)C1CCC2(CCO)C1OC(C(C(Cl)Cl)C2C(O)=C(C(N)=O)C(=O)C3(O)C(O)=C4C(=O)c5c(O)ccc(Cl)c5C(C)(O)C4CC23)C(O)C(N)C1O
428,CC12C=CC(=O)C=C1C(Cl)=CC1C2CCC2(C)C1CCC2(CCO)C1OC(C(c2cc(Cl)c(I)cc2Cl)C(Cl)Cl)C(O)C(N)C1O
429,CC12C=CC(=O)C=C1C(Cl)=CC1C2CCC2(C)C1CCC2(CCO)C1OC(C(c2ccc(O)c(O)c2)C(Cl)Cl)C(O)C(N)C1O
430,C=CC1CN2CCC1CC2C1C(O)=C(C(N)=O)C(=O)C2(O)C(O)=C3C(=O)c4c(O)ccc(Cl)c4C(C)(O)C3CC12
431,C=CC1CN2CCC1CC2NC(=N)N
432,C=CCS(=O)SC1CC2C3CCC4=CC(=O)C=CC4(C)C3(F)C(O)CC2(C)C1(O)C(=O)C(C)(C)C
433,CC12CCC(=O)C=C1CCC1C2C(=O)CC2(C)C1CCC2(O)c1ccc(Cl)c(Cl)c1
434,CC12C=CC(=O)C=C1C(Cl)=CC1C2CCC2(C)C1CCC2(CCO)C1OC(C(C(Cl)Cl)C2(C3=CCCCCC3)C(=O)NC(=O)NC2=O)C(O)C(N)C1O
435,CC(=O)Cc1ccncc1
436,O=C(O)CCC(=O)c1cccc2ccccc12
437,NS(=O)(=O)c1cc2c(cc1Cl)NC(C(=O)CCC(=O)O)NS2(=O)=O
438,CC(=O)Cc1ccc(O)cc1
439,CC(=O)Cc1ccc(O)cc1C
440,C=CCS(=O)SC1CC2C3CCC4=CC(=O)C=CC4(C)C3(F)C(O)CC2(C)C1(O)C1CCCCN1
441,C=CC1CN2CCC1CC2CC(N)C(=O)O
442,C=CCS(=O)SC1CC2C3CCC4=CC(=O)C=CC4(C)C3(F)C(O)CC2(C)C1(O)CC(O)C(O)C(O)CO
443,C=CCS(=O)SC1CC2C3CCC4=CC(=O)C=CC4(C)C3(F)C(O)CC2(C)C1(O)c1nnc(S(N)(=O)=O)s1
444,Nc1ccc(C(=O)CCC(=O)O)cc1
445,CC12CCC(=O)C=C1CCC1C2C(=O)CC2(C)C1CCC2(O)n1c(=O)sc2cccc(Cl)c21
446,CN1c2ccccc2C23CC4C(C5CC(C12)N4C(O)C5C(C(Cl)Cl)C1OC(C2(CCO)CCC4C5C=C(Cl)C6=CC(=O)C=CC6(C)C5CCC42C)C(O)C(N)C1O)C3O
447,C=CC1CN2CCC1CC2C1C(O)=C(C(N)=O)C(=O)C2(O)C(O)=C3C(=O)c4c(O)cccc4C(C)(O)C3CC12
448,C=CCS(=O)SC1CC2C3CCC4=CC(=O)C=CC4(C)C3(F)C(O)CC2(C)C1(O)c1oc2cc(O)cc(O)c2c(=O)c1O
449,CCC(C)(C)c1cccc(N=CN(C)C)c1
450,Nc1ncnc2c1ccn2C1CC(=O)NC(=O)C1
451,C=CCS(=O)SC1CC2C3CCC4=CC(=O)C=CC4(C)C3(F)C(O)CC2(C)C1(O)CC
452,CC(=O)Cc1cc(Cl)c(Cl)cc1Cl
453,Cc1cc(-n2ccc3c(N)ncnc32)ccc1[N+](=O)[O-]
454,Cc1cc(O)ccc1C1(O)CCC2C3CCC4=CC(=O)CCC4(C)C3C(=O)CC21C
455,CC12C=CC(=O)C=C1C(Cl)=CC1C2CCC2(C)C1CCC2(CCO)C1OC(C(c2ccc3cc4ccccc4cc3c2)C(Cl)Cl)C(O)C(N)C1O
456,O=C(O)CCC(=O)c1ccccc1O
457,C=CCS(=O)SC1CC2C3CCC4=CC(=O)C=CC4(C)C3(F)C(O)CC2(C)C1(O)CCCC
458,CN(C)C=Nc1cccc(C2(C3=CCCCCC3)C(=O)NC(=O)NC2=O)c1
459,O=C(O)CCC(=O)c1c(Cl)cc(Cl)c(Cl)c1Cl
460,Nc1ccc(C2C(N)CC(c3cnc4cncnc4n3)C(c3ccc(O)cc3)C2O)cc1
461,Cc1cc(C2CC(N)C(c3ccc(N)cc3)C(O)C2c2ccc(O)cc2)no1
462,C=CC1CN2CCC1CC2C1CCC2(C)C(=CCC3C4CCC(=O)C4(C)CCC32)C1
463,CN1c2ccccc2Sc2ccc(C(=O)CCC(=O)O)cc21
464,CC12CCC(=O)C=C1CCC1C2C(=O)CC2(C)C1CCC2(O)NCN1CCCC1
465,Nc1ccc(C2C(N)CC(C3NC(=O)NC3=O)C(c3ccc(O)cc3)C2O)cc1
466,C=CC1CN2CCC1CC2CC(C)=O
467,Nc1ncnc2c1ccn2-c1c(Cl)cccc1Cl
468,CC(=O)Cc1cc(Cl)ccc1O
469,C=CC1CN2CCC1CC2N1CCNCC1
470,C=CC1CN2CCC1CC2C1CCC(C)CC1O
471,CN(C)C=Nc1cccc(C2CC3=CC(=O)CCC3(C)C3CCC4(C)C(CCC45CCC(=O)O5)C23)c1
472,CC(O)c1cccc(N=CN(C)C)c1
473,C=CCS(=O)SC1CC2C3CCC4=CC(=O)C=CC4(C)C3(F)C(O)CC2(C)C1(O)C(CO)C(=O)O
474,Cc1cc(-c2ccc3cc(Cc4ccccc4N)ccc3c2)nc(C)n1
475,CC12CCC(=O)C=C1CCC1C2C(=O)CC2(C)C1CCC2(O)c1cc(Cl)c(Cl)c(Cl)c1Cl
476,CC(=O)Cc1ccnc2ccccc12
477,CS(=O)c1ccc(C(=O)CCC(=O)O)cc1
478,C=CCS(=O)SC1CC2C3CCC4=CC(=O)C=CC4(C)C3(F)C(O)CC2(C)C1(O)c1c[nH]cn1
479,CN(C)C=Nc1cccc(C2CCC3C4CCC5=CC(=O)CCC5(C)C4C4CC23C(O)O4)c1
480,C=CCS(=O)SC1CC2C3CCC4=CC(=O)C=CC4(C)C3(F)C(O)CC2(C)C1(O)C(=O)CO
481,Nc1ccc(C2C(N)CC(C3OC(O)C(O)C(O)C3O)C(c3ccc(O)cc3)C2O)cc1
482,CC(=O)Cc1cccc(N=CN(C)C)c1
483,CN(C)C=Nc1cccc(C2(C3=CCCCC3)C(=O)NC(=O)NC2=O)c1
484,O=C(O)CCC(=O)c1ccc(Cl)cc1
485,C=CC1CN2CCC1CC2CN
486,C=CCS(=O)SC1CC2C3CCC4=CC(=O)C=CC4(C)C3(F)C(O)CC2(C)C1(O)N1C(=O)c2ccccc2NS1(=O)=O
487,C=CC1CN2CCC1CC2CCCC
488,CC(=O)Cc1cc(Cl)c(I)cc1Cl
489,C=C1CC23CC1(O)CCC2C12C=CC(O)C(C)(C(=O)O1)C2C3c1cccc(N=CN(C)C)c1
490,Nc1ccccc1Cc1ccc2cc(-c3cnc4cncnc4n3)ccc2c1
491,Nc1ccccc1Cc1ccc2cc(-c3cc(=O)[nH]c(=O)[nH]3)ccc2c1
492,CC12C=CC(=O)C=C1C(Cl)=CC1C2CCC2(C)C1CCC2(CCO)C1OC(C(C(Cl)Cl)C2CCCC2)C(O)C(N)C1O
493,C=CCS(=O)SC1CC2C3CCC4=CC(=O)C=CC4(C)C3(F)C(O)CC2(C)C1(O)SC
494,Nc1ncnc2c1ccn2-c1ccc(O)cc1O
495,C=CC1CN2CCC1CC2N1C(=O)c2cc(S(N)(=O)=O)c(Cl)cc2NC1C
496,NCc1ccc2cc(Cc3ccccc3N)ccc2c1
497,Cc1c(Cl)c(=O)oc2cc(-n3ccc4c(N)ncnc43)ccc12
498,CC(=O)Cc1c(Cl)cc(Cl)c(Cl)c1Cl
499,CC12CCC(=O)C=C1CCC1C2C(=O)CC2(C)C1CCC2(O)c1ccccc1
500,CC12C=CC(=O)C=C1C(Cl)=CC1C2CCC2(C)C1CCC2(CCO)C1OC(C(C(Cl)Cl)n2cnc3c(O)ncnc32)C(O)C(N)C1O
501,CC12C=CC(=O)C=C1C(Cl)=CC1C2CCC2(C)C1CCC2(CCO)C1OC(C(c2cc(Cl)c(Br)cc2Cl)C(Cl)Cl)C(O)C(N)C1O
502,CC12C=CC(=O)C=C1C(Cl)=CC1C2CCC2(C)C1CCC2(CCO)C1OC(C(C(Cl)Cl)C2CCC3C4CC=C5CC(O)CCC5(C)C4CCC32C)C(O)C(N)C1O
503,C=CCS(=O)SC1CC2C3CCC4=CC(=O)C=CC4(C)C3(F)C(O)CC2(C)C1(O)CC=C
504,C=CCS(=O)SC1CC2C3CCC4=CC(=O)C=CC4(C)C3(F)C(O)CC2(C)C1(O)CCO
505,CC(=O)Cc1ccc(Cl)cc1C
506,C=CC1CN2CCC1CC2C1(O)CCC2C3CCC4=CC(=O)CCC4(C)C3C(=O)CC21C
507,C=CC1CN2CCC1CC2NC=O
508,Nc1ccc(C2C(N)CC(c3c(Cl)cccc3Cl)C(c3ccc(O)cc3)C2O)cc1
509,Nc1ccc(C2C(N)CC(c3cc(=O)[nH]c(=O)[nH]3)C(c3ccc(O)cc3)C2O)cc1
510,CC(=O)Cc1cccc(Cl)c1
511,C=CC1CN2CCC1CC2C(C)C
512,C=CCS(=O)SC1CC2C3CCC4=CC(=O)C=CC4(C)C3(F)C(O)CC2(C)C1(O)C1OC(O)C(O)C(O)C1O
513,CC12C=CC(=O)C=C1C(Cl)=CC1C2CCC2(C)C1CCC2(CCO)C1OC(C(c2ccc(Cl)c(Cl)c2)C(Cl)Cl)C(O)C(N)C1O
514,CC12CCC(=O)C=C1CCC1C2C(=O)CC2(C)C1CCC2(O)c1ccc2cc3ccccc3cc2c1
515,C=CC1CN2CCC1CC2CCCO
516,CC12C=CC(=O)C=C1C(Cl)=CC1C2CCC2(C)C1CCC2(CCO)C1OC(C(C(Cl)Cl)C2CCC3C4C(O)CC5CC(O)CCC5(C)C4CC(O)C23C)C(O)C(N)C1O
517,CC12CCC(=O)C=C1CCC1C2C(=O)CC2(C)C1CCC2(O)c1ccc2nc(S(N)(=O)=O)sc2c1
518,Nc1ccc(C2C(N)CC(c3nc4ccccc4c(=O)o3)C(c3ccc(O)cc3)C2O)cc1
519,CSC1CC(N)C(c2ccc(N)cc2)C(O)C1c1ccc(O)cc1
520,CC12CCC(=O)C=C1CCC1C2C(=O)CC2(C)C1CCC2(O)c1ccc(F)cc1
521,C=CCS(=O)SC1CC2C3CCC4=CC(=O)C=CC4(C)C3(F)C(O)CC2(C)C1(O)C(=O)O
522,CC12CCC(=O)C=C1CCC1C2C(=O)CC2(C)C1CCC2(O)N1c2ccccc2Sc2ccccc21
523,C=CCS(=O)SC1CC2C3CCC4=CC(=O)C=CC4(C)C3(F)C(O)CC2(C)C1(O)OS(=O)(=O)N(C)C
524,Nc1ccc(C2C(N)CC(N3CCNC3=O)C(c3ccc(O)cc3)C2O)cc1
525,CC(=O)Cc1ccoc1C
526,Nc1ccc(C2C(N)CC(C3(O)OCC(O)C(O)C3O)C(c3ccc(O)cc3)C2O)cc1
527,Nc1ncnc2c1ccn2C1CC2CC1C1CCCC21
528,C=CCS(=O)SC1CC2C3CCC4=CC(=O)C=CC4(C)C3(F)C(O)CC2(C)C1(O)C(C)C
529,CC1Nc2cc(Cl)c(S(N)(=O)=O)cc2C(=O)N1c1ccc2cc(Cc3ccccc3N)ccc2c1
530,CC12C=CC(=O)C=C1C(Cl)=CC1C2CCC2(C)C1CCC2(CCO)C1OC(C(C(Cl)Cl)n2ncc(N)c(Br)c2=O)C(O)C(N)C1O
531,C=CC1CN2CCC1CC2C1C(C=C(Cl)Cl)C1(C)C
532,CC12C=CC(=O)C=C1C(Cl)=CC1C2CCC2(C)C1CCC2(CCO)C1OC(C(C(Cl)Cl)C2(O)CCC3C4CCC5=CC(=O)C=CC5(C)C4C(O)CC32C)C(O)C(N)C1O
533,Nc1ncnc2c1ccn2-c1ccc(Cl)cc1O
534,CN(C)C=Nc1cccc(CCCO)c1
535,C=CC1CN2CCC1CC2NC(=NC#N)NC
536,C=CCS(=O)SC1CC2C3CCC4=CC(=O)C=CC4(C)C3(F)C(O)CC2(C)C1(O)C(C)=O
537,Nc1ccc(-n2ccc3c(N)ncnc32)cc1
538,CC12C=CC(=O)C=C1CCC1C2C(O)CC2(C)C1CCC2(O)n1ccc2c(N)ncnc21
539,NS(=O)(=O)c1cc([N+](=O)[O-])c(C(=O)CCC(=O)O)c([N+](=O)[O-])c1
540,CN1C2CCC1C(C(C(Cl)Cl)C1OC(C3(CCO)CCC4C5C=C(Cl)C6=CC(=O)C=CC6(C)C5CCC43C)C(O)C(N)C1O)C(O)C2
541,Nc1ccc(C2C(N)CC(n3ccnc3[N+](=O)[O-])C(c3ccc(O)cc3)C2O)cc1
542,CC12C=CC(=O)C=C1C(Cl)=CC1C2CCC2(C)C1CCC2(CCO)C1OC(C(C(Cl)Cl)C2CCC3C4CCC5=CC(=O)CCC5(C)C4CCC32C)C(O)C(N)C1O
543,Nc1ccccc1Cc1ccc2cc(-c3ccco3)ccc2c1
544,CC12CCC(=O)C=C1CCC1C2C(=O)CC2(C)C1CCC2(O)c1ccc(O)c(I)c1
545,Nc1cc(Cl)cc(C(=O)CCC(=O)O)c1Cl
546,Cc1ncc([N+](=O)[O-])n1-c1cccc(N=CN(C)C)c1
547,C=CCS(=O)SC1CC2C3CCC4=CC(=O)C=CC4(C)C3(F)C(O)CC2(C)C1(O)SS(=O)CC=C
548,CC1CC2C3CCC(O)(C(C(Cl)Cl)C4OC(C5(CCO)CCC6C7C=C(Cl)C8=CC(=O)C=CC8(C)C7CCC65C)C(O)C(N)C4O)C3(C)CC(O)C2(F)C2(C)C=CC(=O)C=C12
549,Nc1ccccc1Cc1ccc2cc(-n3ncc(N)c(Cl)c3=O)ccc2c1
550,CC(=O)Cc1ccsc1
551,CN(C)C=Nc1cccc(CN)c1
552,C=CC1CN2CCC1CC2C1CCC2C3CCC4=CC(=O)CCC4(C)C3CCC21C
553,C=CCS(=O)SC1CC2C3CCC4=CC(=O)C=CC4(C)C3(F)C(O)CC2(C)C1(O)n1c(=O)[nH]c(C)c(Cl)c1=O
554,CN(C)C=Nc1cccc(-n2ncc(N)c(Cl)c2=O)c1
555,CC(=O)CC1(O)CCC2C3CCC4=CC(=O)CCC4(C)C3(F)C(O)CC21C
556,CN(C)C=Nc1cccc(C(O)CO)c1
557,COP(=S)(OC)Oc1ccc2cc(Cc3ccccc3N)ccc2c1
558,Nc1ccc(C2C(N)CC(n3ncc(N)c(Br)c3=O)C(c3ccc(O)cc3)C2O)cc1
559,CN1CCCCC1C1CC(N)C(c2ccc(N)cc2)C(O)C1c1ccc(O)cc1
560,CN(C)C=Nc1cccc(C2(O)CCC3C4CCC5=CC(=O)CCC5(C)C4(F)C(O)CC32C)c1
561,CCC(=O)c1cccc(N=CN(C)C)c1
562,CC(=O)CCc1ccc2cc(Cc3ccccc3N)ccc2c1
563,Cc1nc(C2CC(N)C(c3ccc(N)cc3)C(O)C2c2ccc(O)cc2)oc1C
564,CC1CCCCC1C(C(Cl)Cl)C1OC(C2(CCO)CCC3C4C=C(Cl)C5=CC(=O)C=CC5(C)C4CCC32C)C(O)C(N)C1O
565,C=CC1CN2CCC1CC2C(O)CN
566,CC12CCC(=O)C=C1CCC1C2C(=O)CC2(C)C1CCC2(O)c1ccccc1O
567,Nc1ccc(C2C(N)CC(c3c(Cl)c(Cl)c(Cl)c(Cl)c3Cl)C(c3ccc(O)cc3)C2O)cc1
568,CN(C)C=Nc1cccc(C2(O)CCC3C4CCC5=CC(=O)CCC5(C)C4C(=O)CC32C)c1
569,Cn1c(=O)c2c(ncn2-c2ccc3cc(Cc4ccccc4N)ccc3c2)n(C)c1=O
570,CC12CCC(=O)C=C1CCC1C2C(=O)CC2(C)C1CCC2(O)N1CCNC1=O
571,CCCC(C)c1cccc(N=CN(C)C)c1
572,C=CC1CN2CCC1CC2C1(O)C(O)CC2C3CCC4=CC(=O)C=CC4(C)C3(F)C(O)CC21C
573,C=CC1CN2CCC1CC2C1C2CC3C4N(C)c5ccccc5C45CC(C2C5O)N3C1O
574,CN(C)C=Nc1cccc(C2CCCN(C)C2)c1
575,CC(=O)Cc1ccccc1N
576,CC12C=CC(=O)C=C1C(Cl)=CC1C2CCC2(C)C1CCC2(CCO)C1OC(C(c2cc(Cl)ccc2O)C(Cl)Cl)C(O)C(N)C1O
577,NC(=O)C1=C(O)C(n2ccc3c(N)ncnc32)C2CC3C(=C(O)C2(O)C1=O)C(=O)c1c(O)ccc(Cl)c1C3O
578,C=CC1CN2CCC1CC2C1CC2C3OC3C(C1)N2C
579,CC12CCC(=O)C=C1CCC1C2C(=O)CC2(C)C1CCC2(O)n1ncc(N)c(Cl)c1=O
580,CC(C(=O)O)c1cccc(N=CN(C)C)c1
581,CC12CCC(=O)C=C1CCC1C2C(=O)CC2(C)C1CCC2(O)c1c(Cl)cc(Cl)c(Cl)c1Cl
582,Nc1ccccc1Cc1ccc2cc(O[N+](=O)[O-])ccc2c1
583,CC12C=CC(=O)C=C1C(Cl)=CC1C2CCC2(C)C1CCC2(CCO)C1OC(C(C(Cl)Cl)C2CCCCC2)C(O)C(N)C1O
584,CC1CC2C(C(O)CC3(C)C2CCC3(O)c2cccc(N=CN(C)C)c2)C2(C)C=CC(=O)C=C12
585,CC12C=CC(=O)C=C1C(Cl)=CC1C2CCC2(C)C1CCC2(CCO)C1OC(C(C(Cl)Cl)C2(C3=CC4CCC(C3)C4)C(=O)NC(=O)NC2=O)C(O)C(N)C1O
586,Nc1ccccc1C(=O)CCC(=O)O
587,CN(C)C=Nc1cccc(CCN)c1
588,C=CCS(=O)SC1CC2C3CCC4=CC(=O)C=CC4(C)C3(F)C(O)CC2(C)C1(O)CCl
589,CN(C)C=Nc1cccc(-n2c(=O)sc3cccc(Cl)c32)c1
590,CN(C)C=Nc1cccc(C2(C3=CC4CCC(C3)C4)C(=O)NC(=O)NC2=O)c1
591,Nc1ccc(C2C(N)CC(c3ccc4nc(S(N)(=O)=O)sc4c3)C(c3ccc(O)cc3)C2O)cc1
592,CC12CCC(=O)C=C1CCC1C2CCC2(C)C1CCC2n1ccc2c(N)ncnc21
593,Nc1ncnc2c1ccn2-c1c(Cl)c(Cl)cc(Cl)c1Cl
594,CC(=O)Cc1cccc([N+](=O)[O-])c1
595,CC(C(=O)NO)c1cccc(N=CN(C)C)c1
596,Cc1cccc(C2(O)CCC3C4CCC5=CC(=O)CCC5(C)C4C(=O)CC32C)c1C
597,CC12CCC(=O)C=C1CCC1C2C(=O)CC2(C)C1CCC2(O)n1ncc(N)c(Br)c1=O
598,C=CCS(=O)SC1CC2C3CCC4=CC(=O)C=CC4(C)C3(F)C(O)CC2(C)C1(O)c1cc(C)nc(C)n1
599,CC(=O)Cc1ccc(O)cc1O
600,C=CC1CN2CCC1CC2CCl
601,C=CCS(=O)SC1CC2C3CCC4=CC(=O)C=CC4(C)C3(F)C(O)CC2(C)C1(O)C1OCCO1
602,Cc1cccc(O)c1C(=O)CCC(=O)O
603,Nc1ncnc2c1ccn2-c1c(Cl)c(Cl)c(Cl)c(Cl)c1Cl
604,CC12CCC(=O)C=C1CCC1C2C(=O)CC2(C)C1CCC2(O)c1cc(Cl)c(I)cc1Cl
605,CC(=O)Cc1ccc(N)cc1
606,C=CC1CN2CCC1CC2C1CC2CCC(C1)N2C
607,C=CC1CN2CCC1CC2CCC
608,Nc1ccc(C2C(N)CC(c3nc(Cl)c(Cl)c(N)c3Cl)C(c3ccc(O)cc3)C2O)cc1
609,O=C(O)CCC(=O)c1cccc(Cl)c1
610,CC12CCC(=O)C=C1CCC1C2C(=O)CC2(C)C1CCC2(O)c1cc(I)c(O)c(I)c1
611,Nc1ccccc1Cc1ccc2cc(-c3cc(=O)[nH]c(=S)[nH]3)ccc2c1
612,Nc1ncnc2c1ccn2-c1ccc(Cl)c(Cl)c1
613,CN(C)C=Nc1cccc(C(F)(F)F)c1
614,C=CCS(=O)SC1CC2C3CCC4=CC(=O)C=CC4(C)C3(F)C(O)CC2(C)C1(O)CCC(C)=O
615,CC12CCC(=O)C=C1CCC1C2C(=O)CC2(C)C1CCC2(O)c1cc(S(N)(=O)=O)c(Cl)cc1O
616,Nc1cccc(C(=O)CCC(=O)O)c1
617,CN(C)C=Nc1cccc(C2CCCCC2)c1
618,O=C(O)CCC(=O)c1cccc(Cl)c1Cl
619,CC12CCC(=O)C=C1CCC1C2C(=O)CC2(C)C1CCC2(O)c1c(F)cccc1F
620,Nc1ncnc2c1ccn2-c1cccc(I)c1
621,Nc1ccccc1Cc1ccc2cc(N3CCNC3=O)ccc2c1
622,CC12CCC(=O)C=C1CCC1C2C(=O)CC2(C)C1CCC2(O)c1cc(Cl)ccc1O
623,O=C(O)CCC(=O)C1CO1
624,CC12C=CC(=O)C=C1C(Cl)=CC1C2CCC2(C)C1CCC2(CCO)C1OC(C(c2cc(O)c3c(=O)c4cc(O)ccc4oc3c2)C(Cl)Cl)C(O)C(N)C1O
625,C=CC1CN2CCC1CC2C1C2C3(C=CC(O)C2(C)C(=O)O3)C2CCC3(O)CC12CC3=C
626,CC12C=CC(=O)C=C1C(Cl)=CC1C2CCC2(C)C1CCC2(CCO)C1OC(C(c2cc(I)c(O)c(I)c2)C(Cl)Cl)C(O)C(N)C1O
627,CC(=O)Cc1ccc2cc(Cc3ccccc3N)ccc2c1
628,C=CC1CN2CCC1CC2NCN1CCCC1
629,C=CCS(=O)SC1CC2C3CCC4=CC(=O)C=CC4(C)C3(F)C(O)CC2(C)C1(O)CCCO
630,CC(=O)Cc1ccc(Cl)c(Cl)c1Cl
631,CC1(O)c2cccc(O)c2C(=O)C2=C(O)C3(O)C(=O)C(C(N)=O)=C(O)C(n4ccc5c(N)ncnc54)C3CC21
632,C=CCS(=O)Sc1ccc2cc(Cc3ccccc3N)ccc2c1
633,CC(=O)Cc1c(F)cccc1F
634,CC(=O)Cc1ccc(S(=O)(=O)c2ccccc2)cc1C
635,Nc1ccc(C2C(N)CC(c3nnc(S(N)(=O)=O)s3)C(c3ccc(O)cc3)C2O)cc1
636,Nc1ccc(C2C(N)CC(n3cncn3)C(c3ccc(O)cc3)C2O)cc1
637,C=CCS(=O)SC1CC2C3CCC4=CC(=O)C=CC4(C)C3(F)C(O)CC2(C)C1(O)C(=O)NN
638,CC12CCC(O)CC1CC(O)C1C2CCC2(C)C1CCC2n1ccc2c(N)ncnc21
639,CC12CCC(=O)C=C1CCC1C2C(=O)CC2(C)C1CCC2(O)n1ccc2c(N)ncnc21
640,Nc1ncnc2c1ccn2-c1cc(Cl)c(I)cc1Cl
641,C=CC1CN2CCC1CC2C1CCC2C3CC(O)C4CC(O)CCC4(C)C3CC(O)C21C
642,CC(C)CCc1ccc2cc(Cc3ccccc3N)ccc2c1
643,CC12CCC(=O)C=C1CCC1C2C(=O)CC2(C)C1CCC2(O)c1ccc(N)cc1
644,C=CCS(=O)SC1CC2C3CCC4=CC(=O)C=CC4(C)C3(F)C(O)CC2(C)C1(O)n1ccnc1[N+](=O)[O-]
645,NNC(=O)c1ccc2cc(Cc3ccccc3N)ccc2c1
646,C=CC1CN2CCC1CC2C1CC2=CC(=O)CCC2(C)C2CCC3(C)C(CCC34CCC(=O)O4)C12
647,CC1CC2C3CCC(O)(c4cccc(N=CN(C)C)c4)C3(C)CC(O)C2(F)C2(C)C=CC(=O)C=C12
648,Nc1ncnc2c1ccn2-c1cc(O)c2c(=O)c3cc(O)ccc3oc2c1
649,Cn1c(=O)on(C(C(Cl)Cl)C2OC(C3(CCO)CCC4C5C=C(Cl)C6=CC(=O)C=CC6(C)C5CCC43C)C(O)C(N)C2O)c1=O
650,CCCc1cccc(N=CN(C)C)c1
651,Cc1cccc(C)c1C(=O)CCC(=O)O
652,CNC(=NC#N)NC1(O)CCC2C3CCC4=CC(=O)CCC4(C)C3C(=O)CC21C
653,C=CCS(=O)SC1CC2C3CCC4=CC(=O)C=CC4(C)C3(F)C(O)CC2(C)C1(O)C(O)CN
654,Nc1ccccc1Cc1ccc2cc(-n3cncn3)ccc2c1
655,CCc1ccc2cc(Cc3ccccc3N)ccc2c1
656,CN1CCC23CC(=O)C=CC12CCc1ccc(C(C(Cl)Cl)C2OC(C4(CCO)CCC5C6C=C(Cl)C7=CC(=O)C=CC7(C)C6CCC54C)C(O)C(N)C2O)c(O)c13
657,CC(=O)Cc1cc(O)ccc1O
658,C=CCS(=O)SC1CC2C3CCC4=CC(=O)C=CC4(C)C3(F)C(O)CC2(C)C1(O)C(C)CCC(=O)O
659,Nc1ccc(C2C(N)CC(n3ccc4c(N)ncnc43)C(c3ccc(O)cc3)C2O)cc1
660,O=C(O)CCC(=O)c1ccc([N+](=O)[O-])cc1Cl
661,CC(=O)Cc1ccc([N+](=O)[O-])c(C)c1
662,CS(=O)(=O)Oc1ccc2cc(Cc3ccccc3N)ccc2c1
663,CS(=O)c1ccc(-n2ccc3c(N)ncnc32)cc1
664,Nc1ccccc1Cc1ccc2cc(-c3cnccn3)ccc2c1
665,C=C1CC23CC1(O)CCC2C12C=CC(O)C(C)(C(=O)O1)C2C3C(C(Cl)Cl)C1OC(C2(CCO)CCC3C4C=C(Cl)C5=CC(=O)C=CC5(C)C4CCC32C)C(O)C(N)C1O
666,CN1C2CCC1CC(n1ccc3c(N)ncnc31)C2
667,C=CCS(=O)SC1CC2C3CCC4=CC(=O)C=CC4(C)C3(F)C(O)CC2(C)C1(O)n1oc(=O)n(C)c1=O
668,CC(C)CCc1cccc(N=CN(C)C)c1
669,Cc1ccc2nc(C3CC(N)C(c4ccc(N)cc4)C(O)C3c3ccc(O)cc3)sc2c1
670,CC12C=CC(=O)C=C1C(Cl)=CC1C2CCC2(C)C1CCC2(CCO)C1OC(C(c2ccc3nc(S(N)(=O)=O)sc3c2)C(Cl)Cl)C(O)C(N)C1O
671,O=C(O)CCC(=O)c1cc(I)cc(I)c1O
672,O=C(O)CCC(=O)c1ccc2c(c1)OCO2
673,Cc1cc(S(=O)(=O)c2ccccc2)ccc1-n1ccc2c(N)ncnc21
674,C=CCS(=O)SC1CC2C3CCC4=CC(=O)C=CC4(C)C3(F)C(O)CC2(C)C1(O)C(C)C(=O)O
675,Cc1cc(O)ccc1C(=O)CCC(=O)O
676,Nc1ccccc1Cc1ccc2cc(-c3nc(Cl)c(Cl)cc3Cl)ccc2c1
677,Cc1ccc(O)cc1C(=O)CCC(=O)O
678,CC(=O)Cc1ccccc1[N+](=O)[O-]
679,O=C(O)CCC(=O)c1c(Cl)c(Cl)cc(Cl)c1Cl
680,Nc1ccccc1Cc1ccc2cc(CC(N)C(=O)O)ccc2c1
681,O=Cc1ccc(C(=O)CCC(=O)O)cc1
682,CC12CCC(=O)C=C1CCC1C2C(=O)CC2(C)C1CCC2(O)c1c(Cl)c(Cl)cc(Cl)c1Cl
683,CC(=O)Cc1ccccc1O
684,C=COc1ccc2cc(Cc3ccccc3N)ccc2c1
685,CC12CCC(=O)C=C1CCC1C2C(=O)CC2(C)C1CCC2(O)c1ccc(S(N)(=O)=O)cc1
686,C=CCS(=O)SC1CC2C3CCC4=CC(=O)C=CC4(C)C3(F)C(O)CC2(C)C1(O)n1ncc(N)c(Br)c1=O
687,C=CC1CN2CCC1CC2C1CCC(C)CC1=O
688,Nc1ccccc1Cc1ccc2cc(C(=O)CCC(=O)O)ccc2c1
689,CC12CCC(=O)C=C1CCC1C2C(=O)CC2(C)C1CCC2(O)N1c2ccccc2Sc2ccc(Cl)cc21
690,O=C(O)CCC(=O)c1ccccc1Cl
691,CC1OC(C2CC(N)C(c3ccc(N)cc3)C(O)C2c2ccc(O)cc2)C(O)C(N)C1O
692,CC(=O)Cc1ccc(Cl)c(Cl)c1
693,Nc1ccc(C2C(N)CC(c3cc(Cl)ccc3O)C(c3ccc(O)cc3)C2O)cc1
694,CC12CCC3C(CC=C4CC(n5ccc6c(N)ncnc65)CCC43C)C1CCC2=O
695,Nc1ncnc2c1ccn2C1(C2=CCCCCC2)C(=O)NC(=O)NC1=O
696,CN1c2ccccc2Sc2ccc(-n3ccc4c(N)ncnc43)cc21
697,CC12CCC(=O)C=C1CCC1C2C(=O)CC2(C)C1CCC2(O)NC=O
698,O=C(O)CCC(=O)c1ccc(Br)cc1
699,CC1CCC(c2cccc(N=CN(C)C)c2)C(=O)C1
700,CC(=O)CC1CC2=CC(=O)CCC2(C)C2CCC3(C)C(CCC34CCC(=O)O4)C12
701,CC(=O)Cc1ccc2cc3ccccc3cc2c1
702,Nc1ncnc2c1ccn2C1CCCCCCC1
703,Nc1ncnc2c1ccn2-c1ccc2nc(S(N)(=O)=O)sc2c1
704,CC12CCC(=O)C=C1CCC1C2C(=O)CC2(C)C1CCC2(O)c1cc(I)cc(I)c1O
705,CC(=O)Cc1ccccc1
706,Cc1cc(C(=O)CCC(=O)O)ccc1[N+](=O)[O-]
707,Nc1ccccc1Cc1ccc2cc(-c3nc(Cl)c(Cl)c(N)c3Cl)ccc2c1
708,CC(=O)Cc1ccc(Cl)cc1O
709,CC(=O)Cc1ccc(F)cc1
710,C=CC1CN2CCC1CC2C(C)CC
711,CC(=O)Cc1ccc(C=O)cc1
712,CC12C=CC(=O)C=C1C(Cl)=CC1C2CCC2(C)C1CCC2(CCO)C1OC(C(C(Cl)Cl)C2C(O)=C(C(N)=O)C(=O)C3(O)C(O)=C4C(=O)c5c(O)cccc5C(C)(O)C4CC23)C(O)C(N)C1O
713,CN(C)C=Nc1cccc(C(O)CN)c1
714,CC(=O)CCc1cccc(N=CN(C)C)c1
715,C=CC1CN2CCC1CC2NC
716,C=CC1CN2CCC1CC2CCCCC
717,CC1CCCCC1c1cccc(N=CN(C)C)c1
718,Cc1c(Cl)c(=O)oc2cc(C(=O)CCC(=O)O)ccc12
719,CC12CCC(=O)C=C1CCC1C2C(=O)CC2(C)C1CCC2(O)N1CCCCC1
720,CC12C=CC(=O)C=C1C(Cl)=CC1C2CCC2(C)C1CCC2(CCO)C1OC(C(C(Cl)Cl)C2(O)C=CC(=O)C=C2)C(O)C(N)C1O
721,Cc1cccc(C(=O)CCC(=O)O)c1
722,O=C(O)CCC(=O)c1ccccc1F
723,C=CC1CN2CCC1CC2C1CC(N)C(c2ccc(N)cc2)C(O)C1c1ccc(O)cc1
724,Nc1ccc(C2C(N)CC(N3C(=O)c4ccccc4NS3(=O)=O)C(c3ccc(O)cc3)C2O)cc1
725,Cc1[nH]c(=O)n(C2(O)CCC3C4CCC5=CC(=O)CCC5(C)C4C(=O)CC32C)c(=O)c1Cl
726,O=C(O)CCC(=O)c1cncnc1
727,CC(=O)Cc1c(Cl)c(Cl)c(Cl)c(Cl)c1Cl
728,CN(C)C=Nc1cccc(-n2ccnc2[N+](=O)[O-])c1
729,O=C(O)CCC(=O)c1c2occc2cc2ccc(=O)oc12
730,O=C(O)CCC(=O)C1OCCO1
731,C=CC1CN2CCC1CC2C1C(=O)c2ccccc2C1=O
732,Nc1ccc(C2C(N)CC(N3C(=O)c4ccccc4C3=O)C(c3ccc(O)cc3)C2O)cc1
733,CC12CCC(=O)C=C1CCC1C2C(=O)CC2(C)C1CCC2(O)n1cnc2c(O)ncnc21
734,O=C(O)CCC(=O)c1cc(Cl)c(Cl)cc1O
735,Nc1ccc(C2C(N)CC(n3cnc4c(O)ncnc43)C(c3ccc(O)cc3)C2O)cc1
736,CC(=O)Cc1cccc(Cl)c1Cl
737,CC1OC(C(=O)CCC(=O)O)C(O)C(N)C1O
738,NS(=O)(=O)c1cc2c(cc1Cl)NC(C(=O)CCC(=O)O)NC2=O
739,Nc1ncnc2c1ccn2-c1c(F)cccc1F
740,Nc1ccccc1Cc1ccc2cc(CCC(=O)O)ccc2c1
741,CC12C=CC(=O)C=C1C(Cl)=CC1C2CCC2(C)C1CCC2(CCO)C1OC(C(c2cccc(N)c2)C(Cl)Cl)C(O)C(N)C1O
742,Nc1ccc(C2C(N)CC(c3cc(Cl)c(Cl)c(Cl)c3Cl)C(c3ccc(O)cc3)C2O)cc1
743,O=C(O)CCC(=O)c1ccc2ccccc2c1
744,Cc1cc(C2(O)CCC3C4CCC5=CC(=O)CCC5(C)C4C(=O)CC32C)ccc1[N+](=O)[O-]
745,C=CC1CN2CCC1CC2NC(N)=S
746,Nc1ccc(C2C(N)CC(c3ncccn3)C(c3ccc(O)cc3)C2O)cc1
747,C=CC1CN2CCC1CC2C1C(O)=C(C(N)=O)C(=O)C2(O)C(O)=C3C(=O)c4c(O)cccc4C(C)C3C(O)C12
748,Cc1cc(C)nc(-c2ccc3cc(Cc4ccccc4N)ccc3c2)n1
749,Nc1ncnc2c1ccn2C1CCCC1
750,Nc1ccccc1Cc1ccc2cc(-n3c(=O)sc4cccc(Cl)c43)ccc2c1
751,NC(=O)c1ccc2cc(Cc3ccccc3N)ccc2c1
752,Nc1ccccc1Cc1ccc2cc(CO)ccc2c1
753,CN(C)C=Nc1cccc(C2CCC3C4CC=C5CC(O)CCC5(C)C4CCC23C)c1
754,CC12C=CC(=O)C=C1C(Cl)=CC1C2CCC2(C)C1CCC2(CCO)C1OC(C(c2cc(I)cc(I)c2O)C(Cl)Cl)C(O)C(N)C1O
755,C=CC1CN2CCC1CC2C1(O)CCC2C3CCC4=CC(=O)CCC4(C)C3C(O)CC21C
756,N#CC1CC2CC1C(=NOc1ccc3cc(Cc4ccccc4N)ccc3c1)C2Cl
757,Cc1nc(-c2ccc3cc(Cc4ccccc4N)ccc3c2)oc1C
758,CC(=O)Cc1ccc(Br)cc1
759,C=CCS(=O)SC1CC2C3CCC4=CC(=O)C=CC4(C)C3(F)C(O)CC2(C)C1(O)C(C)O
760,C=CC1CN2CCC1CC2C1CCC2C3C(O)CC4CC(O)CCC4(C)C3CCC21C
761,Nc1ccccc1-n1ccc2c(N)ncnc21
762,CC1(C)OC2CC3C4CCC5=CC(=O)C=CC5(C)C4(F)C(O)CC3(C)C2(C(=O)CCC(=O)O)O1
763,CC12CCC(=O)C=C1CCC1C2C(=O)CC2(C)C1CCC2(O)c1cc(O)c2c(=O)c3cc(O)ccc3oc2c1
764,Nc1ccc(C2C(N)CC(c3cc(O)c(O)c(O)c3)C(c3ccc(O)cc3)C2O)cc1
765,Nc1ccc(C2C(N)CC(c3cc([N+](=O)[O-])cc([N+](=O)[O-])c3O)C(c3ccc(O)cc3)C2O)cc1
766,CC12CCC(=O)C=C1CCC1C2C(=O)CC2(C)C1CCC2(O)c1cc(O)c(O)c(O)c1
767,Nc1ccc(C2C(N)CC(c3c(Cl)c(Cl)cc(Cl)c3Cl)C(c3ccc(O)cc3)C2O)cc1
768,Cc1c(N)c(=O)n(-c2ccc3cc(Cc4ccccc4N)ccc3c2)n1C
769,CN1C2CC(C(C(Cl)Cl)C3OC(C4(CCO)CCC5C6C=C(Cl)C7=CC(=O)C=CC7(C)C6CCC54C)C(O)C(N)C3O)CC1C1OC12
770,Cc1ccc(C2CC(N)C(c3ccc(N)cc3)C(O)C2c2ccc(O)cc2)c(O)c1
771,CC(=O)CC1C(O)=C(C(N)=O)C(=O)C2(O)C(O)=C3C(=O)c4c(O)cccc4C(C)(O)C3CC12
772,CC12C=CC(=O)C=C1C(Cl)=CC1C2CCC2(C)C1CCC2(CCO)C1OC(C(C(Cl)Cl)C2(C3=CCCCC3)C(=O)NC(=O)NC2=O)C(O)C(N)C1O
773,Cn1c(=O)c2c(ncn2C2(O)CCC3C4CCC5=CC(=O)CCC5(C)C4C(=O)CC32C)n(C)c1=O
774,C=CCS(=O)SC1CC2C3CCC4=CC(=O)C=CC4(C)C3(F)C(O)CC2(C)C1(O)n1ccc2c(N)ncnc21
775,CC1(C)OC2CC3C4CCC5=CC(=O)C=CC5(C)C4(F)C(O)CC3(C)C2(n2ccc3c(N)ncnc32)O1
776,Nc1ncnc2c1ccn2-c1c(Cl)cc(Cl)c(Cl)c1Cl
777,CN(C)C=Nc1cccc(CCl)c1
778,Nc1ncnc2c1ccn2-c1ccc(Cl)cc1Cl
779,CC12CCC(=O)C=C1CCC1C2C(=O)CC2(C)C1CCC2(O)c1ccc([N+](=O)[O-])cc1
780,O=C(O)CCC(=O)c1ccc(O)c(O)c1
781,Nc1ncnc2c1ccn2-c1cc([N+](=O)[O-])cc([N+](=O)[O-])c1O
782,CC1=CC2C(CCC3(C)C2CCC3(C)c2cccc(N=CN(C)C)c2)C2(C)CCC(=O)C=C12
783,Nc1ccccc1Cc1ccc2cc(-c3ccccn3)ccc2c1
784,CC12C=CC(=O)C=C1C(Cl)=CC1C2CCC2(C)C1CCC2(CCO)C1OC(C(C(Cl)Cl)C2CC(=O)NC(=O)C2)C(O)C(N)C1O
785,CS(=O)c1ccc(C(C(Cl)Cl)C2OC(C3(CCO)CCC4C5C=C(Cl)C6=CC(=O)C=CC6(C)C5CCC43C)C(O)C(N)C2O)cc1
786,Cc1cc(Cl)ccc1C1(O)CCC2C3CCC4=CC(=O)CCC4(C)C3C(=O)CC21C
787,CC(=O)Cc1cnc(N)nc1N
788,Cc1cc(C)nc(C2CC(N)C(c3ccc(N)cc3)C(O)C2c2ccc(O)cc2)n1
789,C#CC1(C2CC3CCN2CC3C=C)CCC2C3CCC4=CC(=O)CCC4C3CCC21C
790,C=CC1CN2CCC1CC2C1(C2=CC3CCC(C2)C3)C(=O)NC(=O)NC1=O
791,CCC(C)c1cccc(N=CN(C)C)c1
792,O=C(O)CCC(=O)c1cccc([N+](=O)[O-])c1
793,C#CC1(n2ccc3c(N)ncnc32)CCC2C3CCC4=CC(=O)CCC4C3CCC21C
794,CC12C=CC(=O)C=C1C(Cl)=CC1C2CCC2(C)C1CCC2(CCO)C1OC(C(C(Cl)Cl)C2(O)CCC3C4CCC5=CC(=O)CCC5(C)C4(F)C(O)CC32C)C(O)C(N)C1O
795,CN(C)C=Nc1cccc(C2CCC3C4CC(O)C5CC(O)CCC5(C)C4CCC23C)c1
796,Cc1cc(S(=O)(=O)c2ccccc2)ccc1C1(O)CCC2C3CCC4=CC(=O)CCC4(C)C3C(=O)CC21C
797,CN(C)C=Nc1cccc(C23OC(C)(C)OC2CC2C4CCC5=CC(=O)C=CC5(C)C4(F)C(O)CC23C)c1
798,CN(C)C=Nc1cccc(C2(O)C(O)CC3C4CCC5=CC(=O)C=CC5(C)C4(F)C(O)CC32C)c1
799,C=CC1CN2CCC1CC2C1C(O)=C(C(N)=O)C(=O)C2(O)C(O)=C3C(=O)c4c(O)ccc(Cl)c4C(O)C3CC12
800,Nc1ncnc2c1ccn2-c1cc(O)ccc1O
801,Nc1ccc(C2C(N)CC(c3ccc(Br)cc3)C(c3ccc(O)cc3)C2O)cc1
802,Cc1cc2nc3c(=O)[nH]c(=O)nc-3n(C3CC(N)C(c4ccc(N)cc4)C(O)C3c3ccc(O)cc3)c2cc1C
803,Cn1c(=O)c2c(ncn2C2CC(N)C(c3ccc(N)cc3)C(O)C2c2ccc(O)cc2)n(C)c1=O
804,C=CCS(=O)SC1CC2C3CCC4=CC(=O)C=CC4(C)C3(F)C(O)CC2(C)C1(O)CC(C)=O
805,CC12CCC(=O)C=C1CCC1C2C(=O)CC2(C)C1CCC2(O)N1CCC(O)CC1
806,C=CC1CN2CCC1CC2C(C)O
807,C=CC1CN2CCC1CC2N1c2ccccc2Sc2ccc(Cl)cc21
808,C=CCS(=O)SC1CC2C3CCC4=CC(=O)C=CC4(C)C3(F)C(O)CC2(C)C1(O)C(Cl)(Cl)Cl
809,CC(=O)Cc1ccc2ccccc2c1
810,CC12C=CC(=O)C=C1C(Cl)=CC1C2CCC2(C)C1CCC2(CCO)C1OC(C(c2ccccc2N)C(Cl)Cl)C(O)C(N)C1O
811,CC(=O)Cc1ccccc1F
812,CC12C=CC(=O)C=C1C(Cl)=CC1C2CCC2(C)C1CCC2(CCO)C1OC(C(c2ccc(N)cc2)C(Cl)Cl)C(O)C(N)C1O
813,CC(C)C1=CC2=CCC3C(C)(c4cccc(N=CN(C)C)c4)CCCC3(C)C2CC1
814,CC12C=CC(=O)C=C1CCC1C3CC(O)C(O)(n4ccc5c(N)ncnc54)C3(C)CC(O)C12F
815,Nc1ccc(C2C(N)CC(c3cc(I)cc(I)c3O)C(c3ccc(O)cc3)C2O)cc1
816,Nc1ccccc1Cc1ccc2cc(C(=O)O)ccc2c1
817,CC12CCC(=O)C=C1CCC1C2C(=O)CC2(C)C1CCC2(O)c1cc(Cl)ccc1Cl
818,C=CCS(=O)SC1CC2C3CCC4=CC(=O)C=CC4(C)C3(F)C(O)CC2(C)C1(O)C(C)(C)CC
819,Nc1ncnc2c1ccn2C1(C2=CCCCC2)C(=O)NC(=O)NC1=O
820,C=CC1CN2CCC1CC2CCC(C)=O
821,CC(=O)Cc1cc(O)c2c(=O)c3cc(O)ccc3oc2c1
822,CC12CCC(=O)C=C1CCC1C2C(=O)CC2(C)C1CCC2(O)c1ccccc1N
823,CC12C=CC(=O)C=C1C(Cl)=CC1C2CCC2(C)C1CCC2(CCO)C1OC(C(C(Cl)Cl)n2ccnc2[N+](=O)[O-])C(O)C(N)C1O
824,CN1CCCC(C(C(Cl)Cl)C2OC(C3(CCO)CCC4C5C=C(Cl)C6=CC(=O)C=CC6(C)C5CCC43C)C(O)C(N)C2O)C1
825,C=CCS(=O)SC1CC2C3CCC4=CC(=O)C=CC4(C)C3(F)C(O)CC2(C)C1(O)C1OC(C)C(O)C(N)C1O
826,Cc1cccc(C(=O)CCC(=O)O)c1C
827,C=CCS(=O)SC1CC2C3CCC4=CC(=O)C=CC4(C)C3(F)C(O)CC2(C)C1(O)CCN
828,NCCc1ccc2cc(Cc3ccccc3N)ccc2c1
829,C=CC1CN2CCC1CC2C1CC2CC1C1CCCC21
830,C=CC1CN2CCC1CC2N1CCCCC1
831,Nc1ccc(C2C(N)CC(c3ccc(Cl)c(Cl)c3)C(c3ccc(O)cc3)C2O)cc1
832,CN(C)C=Nc1cccc(CO)c1
833,CC(CCC(=O)O)c1cccc(N=CN(C)C)c1
834,CC(=O)Cc1ccc2c(c1)OCO2
835,C=CC1CN2CCC1CC2C(C)CCC(=O)O
836,Cc1cnc(-c2ccc3cc(Cc4ccccc4N)ccc3c2)nc1
837,C=CC1CN2CCC1CC2CC(=O)O
838,C=CC1CN2CCC1CC2C1CCC2C3C(O)CC4CC(O)CCC4(C)C3CC(O)C21C
839,Nc1ncc(-n2ccc3c(N)ncnc32)c(N)n1
840,CC12CCC(=O)C=C1CCC1C2C(=O)CC2(C)C1CCC2(O)c1cc(Cl)c(Br)cc1Cl
841,Cc1cc(-c2ccc3cc(Cc4ccccc4N)ccc3c2)no1
842,C=CCS(=O)SC1CC2C3CCC4=CC(=O)C=CC4(C)C3(F)C(O)CC2(C)C1(O)c1nc2ccc(C)cc2s1
843,CC(O)c1ccc2cc(Cc3ccccc3N)ccc2c1
844,CC(=O)Cc1ccc(C)cc1O
845,Nc1ccc(C2C(N)CC(c3ccc(O)c(O)c3)C(c3ccc(O)cc3)C2O)cc1
846,O=C(O)CCC(=O)c1ccc(O)cc1O
847,CC12CCC(=O)C=C1CCC1C2C(=O)CC2(C)C1CCC2(O)c1ccc(Cl)c(Cl)c1Cl
848,CN(C)C=Nc1cccc(C2(O)CCC3C4CCC5=CC(=O)CCC5(C)C4C(O)CC32C)c1
849,CN1CCC23CC(=O)C=CC12CCc1ccc(-n2ccc4c(N)ncnc42)c(O)c13
850,CC12C=CC(=O)C=C1C(Cl)=CC1C2CCC2(C)C1CCC2(CCO)C1OC(C(C(Cl)Cl)C2CCC3(C)C(=CCC4C5CCC(=O)C5(C)CCC43)C2)C(O)C(N)C1O
851,CC12CCC(=O)C=C1CCC1C2C(=O)CC2(C)C1CCC2(O)NC(=N)N
852,CN(C)C=Nc1cccc(C2C3CC4C5N(C)c6ccccc6C56CC(C3C6O)N4C2O)c1
853,CCCCCc1cccc(N=CN(C)C)c1
854,Nc1ncnc2c1ccn2-c1ccc(C=O)cc1
855,CC12CCC(=O)C=C1CCC1C2C(=O)CC2(C)C1CCC2(O)NC1=C(Cl)C(=O)c2ccccc2C1=O
856,Cn1c(=O)on(C2(O)CCC3C4CCC5=CC(=O)CCC5(C)C4C(=O)CC32C)c1=O
857,Nc1ccc(C2C(N)CC(SN3C(=O)C4CC=CCC4C3=O)C(c3ccc(O)cc3)C2O)cc1
858,CN(C)C=Nc1cccc(-n2oc(=O)n(C)c2=O)c1
859,CCCCCc1ccc2cc(Cc3ccccc3N)ccc2c1
860,CCCCCCc1cccc(N=CN(C)C)c1
861,Cc1cc2nc3c(=O)[nH]c(=O)nc-3n(-c3cccc(N=CN(C)C)c3)c2cc1C
862,CC(=O)Cc1cc(I)c(O)c(I)c1
863,C=CCS(=O)SC1CC2C3CCC4=CC(=O)C=CC4(C)C3(F)C(O)CC2(C)C1(O)C(C)CCC
864,CC(=O)Cc1cc(I)cc(I)c1O
865,C=CC1CN2CCC1CC2C1CC1
866,Cc1ccc(C(=O)CCC(=O)O)cc1
867,O=C(O)CCC(=O)c1ccccc1I
868,CC(=O)SC1CC(N)C(c2ccc(N)cc2)C(O)C1c1ccc(O)cc1
869,CSc1ccc2cc(Cc3ccccc3N)ccc2c1
870,C=CC1CN2CCC1CC2CCCCCC
871,C=CCS(=O)SC1CC2C3CCC4=CC(=O)C=CC4(C)C3(F)C(O)CC2(C)C1(O)SC(C)=O
872,CC(=O)Cc1c(Cl)cccc1Cl
873,Nc1ncc(C(=O)CCC(=O)O)c(N)n1
874,Cc1cc(C2CC(N)C(c3ccc(N)cc3)C(O)C2c2ccc(O)cc2)nc(C)n1
875,CC12CCC(=O)C=C1CCC1C2C(=O)CC2(C)C1CCC2(O)c1ccccc1[N+](=O)[O-]
876,CC12C=CC(=O)C=C1C(Cl)=CC1C2CCC2(C)C1CCC2(CCO)C1OC(C(c2c(Cl)cccc2Cl)C(Cl)Cl)C(O)C(N)C1O
877,O=C(O)CCC(=O)c1cc(Cl)c(Cl)c(Cl)c1Cl
878,Cc1ccnc(C2CC(N)C(c3ccc(N)cc3)C(O)C2c2ccc(O)cc2)n1
879,Cc1cc2nc3c(=O)[nH]c(=O)nc-3n(C3(O)CCC4C5CCC6=CC(=O)CCC6(C)C5C(=O)CC43C)c2cc1C
880,Cc1ccc(C(C(Cl)Cl)C2OC(C3(CCO)CCC4C5C=C(Cl)C6=CC(=O)C=CC6(C)C5CCC43C)C(O)C(N)C2O)c(O)c1
881,Nc1ccc(C2C(N)CC(c3ncc([N+](=O)[O-])s3)C(c3ccc(O)cc3)C2O)cc1
882,CC1CCC(C(C(Cl)Cl)C2OC(C3(CCO)CCC4C5C=C(Cl)C6=CC(=O)C=CC6(C)C5CCC43C)C(O)C(N)C2O)C(=O)C1
883,CC12CCC(=O)C=C1CC(n1ccc3c(N)ncnc31)C1C2CCC2(C)C1CCC21CCC(=O)O1
884,Cc1c(Cl)c(=O)oc2cc(C3(O)CCC4C5CCC6=CC(=O)CCC6(C)C5C(=O)CC43C)ccc12
885,Nc1ccccc1Cc1ccc2cc(-n3ccc4c(N)ncnc43)ccc2c1
886,Nc1ccc(C2C(N)CC(c3ncnc4nccnc34)C(c3ccc(O)cc3)C2O)cc1
887,Cc1c(N)c(=O)n(C2CC(N)C(c3ccc(N)cc3)C(O)C2c2ccc(O)cc2)n1C
888,CC(C(=O)NO)c1ccc2cc(Cc3ccccc3N)ccc2c1
889,CC(=O)Cc1cncnc1
890,Cc1ccnc(-c2ccc3cc(Cc4ccccc4N)ccc3c2)n1
891,CC12C=CC(=O)C=C1C(Cl)=CC1C2CCC2(C)C1CCC2(CCO)C1OC(C(C(Cl)Cl)C2CC2)C(O)C(N)C1O
892,NCC(O)c1ccc2cc(Cc3ccccc3N)ccc2c1
893,CN(C)C=Nc1cccc(-n2ncc(N)c(Br)c2=O)c1
894,C=CCS(=O)SC1CC2C3CCC4=CC(=O)C=CC4(C)C3(F)C(O)CC2(C)C1(O)CCCCC
895,CC(=O)Cc1cccc(I)c1
896,CC(=O)Cc1ccc(C)cc1
897,CCC(N)Cc1ccc2cc(Cc3ccccc3N)ccc2c1
898,Cc1noc(C2CC(N)C(c3ccc(N)cc3)C(O)C2c2ccc(O)cc2)c1C
899,O=C(O)CCC(=O)c1ccsc1
900,CC1=CC2C(CCC3(C)C2CCC3(C)C(C(Cl)Cl)C2OC(C3(CCO)CCC4C5C=C(Cl)C6=CC(=O)C=CC6(C)C5CCC43C)C(O)C(N)C2O)C2(C)CCC(=O)C=C12
901,C=CC1CN2CCC1CC2CC(C)C
902,CC(C)Cc1cccc(N=CN(C)C)c1
903,O=C(O)CCC(=O)c1cc(I)c(O)c(I)c1
904,C=CCS(=O)SC1CC2C3CCC4=CC(=O)C=CC4(C)C3(F)C(O)CC2(C)C1(O)c1cccc(Cl)n1
905,Nc1ccccc1Cc1ccc2cc(C(=O)CO)ccc2c1
906,C=CC1CN2CCC1CC2C1CC(=O)NC(=O)C1
907,CN1c2ccccc2Sc2ccc(C3(O)CCC4C5CCC6=CC(=O)CCC6(C)C5C(=O)CC43C)cc21
908,C=CC1CN2CCC1CC2CC
909,C=CCS(=O)SC1CC2C3CCC4=CC(=O)C=CC4(C)C3(F)C(O)CC2(C)C1(O)CC(=O)O
910,Cc1[nH]c(=O)n(-c2ccc3cc(Cc4ccccc4N)ccc3c2)c(=O)c1Cl
911,Nc1ncnc2c1ccn2-c1cc(Cl)c(Cl)c(Cl)c1Cl
912,C=CC1CN2CCC1CC2C(=O)CCC(=O)O
913,C=CC1CN2CCC1CC2C1CCC2C3CC(O)C4CC(O)CCC4(C)C3CCC21C
914,CC12CCC(=O)C=C1CCC1C2C(=O)CC2(C)C1CCC2(O)n1ccnc1[N+](=O)[O-]
915,CN1CCC23CC(=O)C=CC12CCc1ccc(C2(O)CCC4C5CCC6=CC(=O)CCC6(C)C5C(=O)CC42C)c(O)c13
916,C#CC1(C(C(Cl)Cl)C2OC(C3(CCO)CCC4C5C=C(Cl)C6=CC(=O)C=CC6(C)C5CCC43C)C(O)C(N)C2O)CCC2C3CCC4=CC(=O)CCC4C3CCC21C
917,Nc1ccc(C2C(N)CC(c3nc(Cl)c(Cl)cc3Cl)C(c3ccc(O)cc3)C2O)cc1
918,CCC(C)(C)c1ccc2cc(Cc3ccccc3N)ccc2c1
919,C=CC1CN2CCC1CC2C1CCC2C3CC=C4CC(O)CCC4(C)C3CCC21C
920,NS(=O)(=O)c1cc(C(=O)CCC(=O)O)c(O)cc1Cl
921,CC(=O)Cc1cccc(C)c1C
922,Cc1[nH]c(=O)n(C(C(Cl)Cl)C2OC(C3(CCO)CCC4C5C=C(Cl)C6=CC(=O)C=CC6(C)C5CCC43C)C(O)C(N)C2O)c(=O)c1Cl
923,Nc1ncnc2c1ccn2-c1ccc(S(N)(=O)=O)cc1
924,CN(C)C=Nc1cccc(C(=O)C(C)(C)C)c1
925,Cc1c(N)c(=O)n(-c2cccc(N=CN(C)C)c2)n1C
926,CN1CCC23c4c5ccc(C(=O)CCC(=O)O)c4OC2C(O)C=CC3C1C5
927,CS(=O)c1ccc(C2CC(N)C(c3ccc(N)cc3)C(O)C2c2ccc(O)cc2)cc1
928,O=C(O)CCC(=O)c1cc(O)c(O)c(O)c1
929,CC12C=CC(=O)C=C1C(Cl)=CC1C2CCC2(C)C1CCC2(CCO)C1OC(C(C(Cl)Cl)C2(O)CCC3C4CCC5=CC(=O)CCC5(C)C4C(O)CC32C)C(O)C(N)C1O
930,CC1(C)CC(=O)C=C(Oc2ccc3cc(Cc4ccccc4N)ccc3c2)C1
931,O=C(O)CCC(=O)C1(O)OCC(O)C(O)C1O
932,CN(C)C=Nc1cccc(C2CC3C4OC4C(C2)N3C)c1
933,CC(=O)Cc1ccccc1C
934,O=C(O)CCC(=O)c1cc(Cl)ccc1Cl
935,CC(C)C1=CC2=CCC3C(C)(CCCC3(C)n3ccc4c(N)ncnc43)C2CC1
936,Cc1nnc(-c2ccc3cc(Cc4ccccc4N)ccc3c2)s1
937,CC1Nc2cc(Cl)c(S(N)(=O)=O)cc2C(=O)N1C1(O)CCC2C3CCC4=CC(=O)CCC4(C)C3C(=O)CC21C
938,C=CCS(=O)SC1CC2C3CCC4=CC(=O)C=CC4(C)C3(F)C(O)CC2(C)C1(O)n1c(=O)c(N)c(C)n1C
939,Nc1ncnc2c1ccn2C1(O)C=CC(=O)C=C1
940,CN(C)C=Nc1cccc(CC(O)C(O)C(O)CO)c1
941,CC(=O)c1cccc(N=CN(C)C)c1
942,CN1c2ccccc2C23CC4C(C5CC(C12)N4C(O)C5n1ccc2c(N)ncnc21)C3O
943,Nc1ccc(C2C(N)CC(c3cnc(N)nc3N)C(c3ccc(O)cc3)C2O)cc1
944,CN(C)C=Nc1cccc(C2CCC3C4CCC5=CC(=O)CCC5(C)C4CCC23C)c1
945,Nc1ccc(C2C(N)CC(c3cc(S(N)(=O)=O)c(Cl)cc3O)C(c3ccc(O)cc3)C2O)cc1
946,O=C(O)CCC(=O)c1c(Cl)c(Cl)c(Cl)c(Cl)c1Cl
947,Nc1ccc(C2C(N)CC(c3ccccn3)C(c3ccc(O)cc3)C2O)cc1
948,CC1(O)c2cccc(O)c2C(=O)C2=C(O)C3(O)C(=O)C(C(N)=O)=C(O)C(n4ccc5c(N)ncnc54)C3C(O)C21
949,Nc1ccccc1Cc1ccc2cc(C(F)(F)F)ccc2c1
950,CC12CCC(=O)C=C1CCC1C2C(=O)CC2(C)C1CCC2(O)NC(N)=S
951,Nc1ccccc1Cc1ccc2cc(CC(O)CO)ccc2c1
952,O=C(O)CCC(=O)c1ccnc2ccccc12
953,CC12CCC(=O)C=C1CCC1C2C(=O)CC2(C)C1CCC2(O)N1C(=O)c2ccccc2NS1(=O)=O
954,C#CC1(c2cccc(N=CN(C)C)c2)CCC2C3CCC4=CC(=O)CCC4C3CCC21C
955,Nc1ccc(C2C(N)CC(c3cc(O)ccc3O)C(c3ccc(O)cc3)C2O)cc1
956,CC(=O)Cc1ccc(I)cc1
957,CC1CCCCC1n1ccc2c(N)ncnc21
958,CC12CCC(=O)C=C1CCC1C2C(=O)CC2(C)C1CCC2(O)c1cc(O)ccc1O
959,C=CCS(=O)SC1CC2C3CCC4=CC(=O)C=CC4(C)C3(F)C(O)CC2(C)C1(O)n1cnc2c(O)ncnc21
960,Nc1ncnc2c1ccn2C1C(=O)c2ccccc2C1=O
961,CN(C)C=Nc1cccc(C2CC(=O)NC(=O)C2)c1
962,C=CC1CN2CCC1CC2C1(C)CCCC2(C)C3CCC(C(C)C)=CC3=CCC21
963,CC1CC(C)C(=O)C(C(C(Cl)Cl)C2OC(C3(CCO)CCC4C5C=C(Cl)C6=CC(=O)C=CC6(C)C5CCC43C)C(O)C(N)C2O)C1
964,Cc1cc(S(=O)(=O)c2ccccc2)ccc1C(=O)CCC(=O)O
965,Nc1ncnc2c1ccn2-c1cc(O)c(O)c(O)c1
966,CC1CC(C)C(=O)C(n2ccc3c(N)ncnc32)C1
967,CCCC(C)c1ccc2cc(Cc3ccccc3N)ccc2c1
968,CC12CCC(=O)C=C1CCC1C2C(=O)CC2(C)C1CCC2(O)c1cc(Cl)c(Cl)cc1Cl
969,Nc1ncnc2c1ccn2C1(C2=CC3CCC(C2)C3)C(=O)NC(=O)NC1=O
970,CCCCCCc1ccc2cc(Cc3ccccc3N)ccc2c1
971,CC(=O)Cc1c[nH]c2ccccc12
972,O=C(O)CCC(=O)c1c[nH]c2ccccc12
973,CC12C=CC(=O)C=C1C(Cl)=CC1C2CCC2(C)C1CCC2(CCO)C1OC(C(c2c(F)cccc2F)C(Cl)Cl)C(O)C(N)C1O
974,C=CCS(=O)SC1CC2C3CCC4=CC(=O)C=CC4(C)C3(F)C(O)CC2(C)C1(O)C1CC(=O)c2c(O)cc(O)cc2O1
975,CN(C)C=Nc1cccc(C(CO)C(=O)O)c1
976,C=CC1CN2CCC1CC2C1(C2=CCCCC2)C(=O)NC(=O)NC1=O
977,Nc1ncnc2c1ccn2-c1ccc2cc3ccccc3cc2c1
978,C=CCS(=O)SC1CC2C3CCC4=CC(=O)C=CC4(C)C3(F)C(O)CC2(C)C1(O)CN
979,Cc1cc2nc3c(=O)[nH]c(=O)nc-3n(C(C(Cl)Cl)C3OC(C4(CCO)CCC5C6C=C(Cl)C7=CC(=O)C=CC7(C)C6CCC54C)C(O)C(N)C3O)c2cc1C
980,CS(=O)c1ccc(C2(O)CCC3C4CCC5=CC(=O)CCC5(C)C4C(=O)CC32C)cc1
981,CC12CCC(O)CC1C(O)CC1C2CCC2(C)C1CCC2n1ccc2c(N)ncnc21
982,Cc1ncc([N+](=O)[O-])n1C(C(Cl)Cl)C1OC(C2(CCO)CCC3C4C=C(Cl)C5=CC(=O)C=CC5(C)C4CCC32C)C(O)C(N)C1O
983,C=CC1CN2CCC1CC2C(Cl)(Cl)Cl
984,C=CC1CN2CCC1CC2C1CCCCCCC1
985,Nc1ccc(C2C(N)CC(c3cc(=O)[nH]c(=S)[nH]3)C(c3ccc(O)cc3)C2O)cc1
986,C=CC1CN2CCC1CC2C1(C2=CCCCCC2)C(=O)NC(=O)NC1=O
987,CC1CCC(n2ccc3c(N)ncnc32)C(=O)C1
988,CC(C)c1ccc2cc(Cc3ccccc3N)ccc2c1
989,Cc1c(Cl)c(=O)oc2cc(C(C(Cl)Cl)C3OC(C4(CCO)CCC5C6C=C(Cl)C7=CC(=O)C=CC7(C)C6CCC54C)C(O)C(N)C3O)ccc12
990,CC(=O)Cc1ccc(Cl)cc1Cl
991,CC12CCC(=O)C=C1CCC1C2C(=O)CC2(C)C1CCC2(O)c1c(Cl)c(Cl)c(Cl)c(Cl)c1Cl
992,CCCCc1cccc(N=CN(C)C)c1
993,Cc1[nH]cnc1C1CC(N)C(c2ccc(N)cc2)C(O)C1c1ccc(O)cc1
994,CC12C=CC(=O)C=C1C(Cl)=CC1C2CCC2(C)C1CCC2(CCO)C1OC(C(C(Cl)Cl)n2cncn2)C(O)C(N)C1O
995,C=CCS(=O)SC1(O)CCC2C3CCC4=CC(=O)CCC4(C)C3C(=O)CC21C
996,CCc1cccc(N=CN(C)C)c1
